flag_id,upstream_dist,easting,northing,elevation,slope,order_chan,notes,w00,d00,w01,d01,w02,d02,w03,d03,w04,d04,w05,d05,w06,d06,w07,d07,w08,d08,w09,d09,w10,d10,w11,d11,w12,d12
S01A_001,0,673743.1885,3990017.627,163.4539874,1.59624153,3,,0,,24,10,53,,86,,39,,28,,50,,46,,48,,58,,86,,50,10,46,5
S01A_002,5,673738.5249,3990017.641,163.5758592,2.478839084,3,,0,,20,10,41,,60,,32,,21,,45,,38,,37,,47,,62,,40,,35,
S01A_003,10,673737.4736,3990012.953,163.3728027,2.329938136,3,,0,,27,10,53,,61,,47,,37,10,44,2,37,,35,,55,,62,,42,,39,
S01A_004,15,673736.5982,3990008.141,163.372803,2.530497,3,,0,,51,10,54,50,21,,23,,61,20,59,3,60,,57,,77,,63,,58,,64,
S01A_005,20,673733.1599,3990005.149,163.372803,2.530497,3,gauge,0,,39,,41,,45,,46,,36,,40,,40,,37,,45,,48,,40,,39,
S01A_006,25,673730.1546,3990007.218,163.372803,1.825331,3,,0,,37,,56,,58,,53,,41,,45,,27,,23,,61,,64,,42,,40,
S01A_007,30,673730.2863,3990012.198,163.372803,1.825331,3,,56,30,54,,60,,67,,60,,54,,59,,53,,52,,67,,83,,54,,54,
S01A_008,35,673727.9447,3990016.366,163.4176928,2.08116334,3,,25,,35,,39,,45,,38,,31,,37,,33,,31,,39,,48,,34,,37,
S01A_009,40,673723.0205,3990016.763,163.4660646,2.385072046,3,,,,51,,55,,58,,52,,48,,56,,51,,51,,62,,65,,57,,56,
S01A_010,45,673718.036,3990016.894,163.5291918,3.512154933,3,,35,,55,,73,,79,,67,,58,,69,,64,,56,,75,,88,,62,,62,
S01A_011,50,673714.6943,3990014.117,163.4474834,3.565544478,3,,,,41,,49,,50,,45,,43,,83,,83,,61,,88,,94,,84,,83,
S01A_012,55,673717.737,3990010.836,163.611525,2.191308331,3,,87,40,93,,91,,85,,93,,96,,104,,101,,27,,98,,107,,101,,100,
S01A_013,60,673717.253,3990006.188,163.8008982,1.754427382,3,,103,,23,,30,,32,,28,,26,,29,,30,,30,,34,,42,,31,,31,
S01A_014,65,673714.714,3990001.901,163.9824066,1.432138324,3,,13,,33,,52,,54,,52,,47,,49,,44,,41,,50,,55,,45,,46,
S01A_015,70,673711.3545,3989998.493,163.9824066,1.175426948,3,,24,10,30,,42,,64,,39,,32,,47,,45,,38,,67,,69,,38,,43,
S01A_016,75,673707.0973,3990000.842,163.9824066,1.106001893,3,,74,50,50,,61,,79,,54,,37,,66,,61,,3,,75,,82,,61,,58,
S01A_017,80,673702.5985,3990002.481,163.9824066,0.835663823,3,,13,50,66,,70,,68,,72,,59,,77,,68,,18,80,71,,73,,70,,70,
S01A_018,85,673698.1687,3990001.147,163.9824066,1.476645483,3,,38,,81,,86,,91,,88,,74,,98,,88,,79,,87,,103,,87,,88,
S01A_019,90,673696.0042,3989997.055,163.9957867,1.237798064,3,,63,,44,,51,,49,,44,,43,,49,,44,,44,,57,,56,,46,,45,
S01A_020,95,673687.3007,3989992.849,164.2449329,1.927681827,3,,10,20,71,,76,,75,,72,,71,,73,,73,,73,,78,,79,,75,,75,
S01A_021,100,673682.4209,3989992.019,164.2872009,1.203741012,3,,20,30,32,,55,,60,,47,,37,,61,,42,,40,,66,,71,,44,,45,
S01A_022,105,673678.4571,3989989.032,164.2949283,0.832210074,3,,21,20,4,,39,,41,,42,,22,20,43,,38,,27,,48,,50,,37,,38,
S01A_023,110,673674.5948,3989985.912,164.2872009,1.533436961,3,,27,10,34,20,80,,104,10,57,,43,,58,,54,,49,,64,,68,,56,,55,
S01A_024,115,673669.8133,3989984.717,164.3078947,1.211789848,3,,17,,37,10,57,,59,,52,,45,10,50,,49,,50,,65,,53,,38,,39,
S01A_025,120,673665.2152,3989985.73,164.3202281,1.241267096,3,,11,,23,20,67,,68,,55,,48,,63,,59,15,39,,67,,68,,38,,43,15
S01A_026,125,673661.6342,3989983.048,164.391313,2.450467644,3,,0,,42,10,53,,56,,54,,47,,55,,52,,52,,56,,56,,52,,53,
S01A_027,130,673657.7024,3989980.036,164.558653,3.534488424,3,,15,10,10,,56,,62,,42,,32,30,56,,52,10,37,20,61,,62,,54,20,54,30
S01A_028,135,673653.2857,3989978.376,164.6738251,3.321445095,3,,25,,36,,39,,37,,36,,37,,55,,43,,47,,44,,65,,41,,50,
S01A_029,140,673649.5721,3989981.026,164.7955876,3.188679623,3,,36,,5,,29,,47,,18,,11,,52,5,46,,48,30,59,,65,10,51,40,50,40
S01A_030,145,673646.8495,3989979.113,164.8972546,2.080624172,3,,13,,23,,50,,49,,43,,31,,49,,41,,35,,51,,63,,46,10,47,5
S01A_031,150,673647.3961,3989974.161,165.1404633,2.973376181,3,,5,,32,,46,,47,,46,,41,,45,,47,,46,,52,,57,,44,,48,
S01A_032,155,673650.0547,3989970.4,165.3807268,4.701679797,3,,43,10,45,,48,,49,,46,,46,,50,,35,,34,,54,,55,,35,,53,
S01A_033,160,673648.2622,3989966.945,165.5364097,5.286023622,3,,49,10,12,,30,,37,,25,,19,,51,,50,,49,,57,,61,,50,,48,
S01A_034,165,673644.4264,3989964.659,165.5127617,4.489010285,3,,0,,19,,34,,48,,31,,20,,62,,53,,48,,62,,71,,54,,55,
S01A_035,170,673640.0569,3989962.465,165.4401331,3.776605214,3,,57,,60,,64,,65,,56,,61,,63,,65,,64,,65,,62,,65,,64,
S01A_036,175,673636.3902,3989959.3,165.5910182,3.031898544,3,,56,,26,50,49,,50,,38,10,36,10,47,,44,,40,,53,,52,,41,,40,
S01B_037,180,673633.9748,3989957.295,165.7089314,2.689649856,3,,92,,17,,67,,70,,66,,55,10,66,,64,5,61,20,72,,71,,63,10,67,
S01B_038,185,673630.5122,3989953.88,165.8270437,1.692470601,3,,77,,24,,26,,28,,23,,11,,111,10,107,,11,,129,30,138,10,130,90,139,90
S01B_039,190,673628.8344,3989949.557,165.811203,3.027317098,3,,45,,79,,90,,91,,88,,79,,92,,85,,80,75,91,,97,,83,,83,
S01B_040,195,673623.8604,3989949.529,165.811203,2.114820323,3,,56,,55,,74,,77,,78,,47,,73,,63,,56,95,70,,82,,81,,64,
S01B_041,200,673618.8757,3989949.712,165.811203,2.28405744,3,,92,,64,,77,,78,,79,,55,,79,,75,,68,90,77,,79,,78,,78,
S01B_042,205,673613.8767,3989949.612,165.9430672,2.291657484,3,,77,,76,,103,,104,,101,,80,,107,,92,,75,10,106,,111,,92,,95,
S01B_043,210,673610.531,3989953.148,165.9029513,1.739758693,3,,45,10,71,,99,,98,,96,,71,,98,,87,,73,11,102,,106,,85,,85,
S01B_044,215,673606.0372,3989954.638,166.0580443,1.534204559,3,,56,,56,,85,,87,,82,,72,,88,,89,,74,50,86,,93,,87,,79,
S01B_045,220,673598.6567,3989949.066,166.1221484,1.651531062,3,,0,,39,,57,,62,,59,,42,,60,,59,,54,10,59,,68,,67,,66,
S01B_046,225,673595.2209,3989945.51,166.3572962,2.168351292,3,,33,,44,,77,,79,,75,,49,,79,,75,,52,5,81,,84,,74,,76,
S01B_047,230,673590.8515,3989943.209,166.5814612,2.305508866,3,,51,,49,,79,,84,,81,,56,,83,,68,,65,30,70,,89,,67,10,66,
S01B_048,235,673586.8632,3989940.721,166.9238384,1.334831566,3,,54,,25,,60,,63,,48,,30,,37,,30,,26,,63,,67,,28,,33,
S01B_049,240,673585.7117,3989936.001,166.7256012,0.504736333,3,,50,,31,,61,,65,,58,,32,,47,,32,,29,,63,,68,,39,,36,
S01B_050,245,673581.3182,3989933.703,166.7256012,0.387661316,3,,22,,71,,92,,112,,90,,72,,70,,70,,68,20,87,,92,,71,,70,
S01B_051,250,673577.7658,3989930.371,166.7256012,1.03473822,3,,60,,58,,69,,71,,64,,54,,64,,59,,62,10,70,,75,,58,,57,
S01B_052,255,673574.4715,3989926.675,166.7256012,1.980437324,3,,,,52,,64,,76,,65,,57,,63,,61,,58,,71,,74,,60,,58,
S01B_053,260,673573.4212,3989922.05,166.7912715,2.537678879,3,,23,,64,,68,,64,,59,,55,10,93,,84,,83,10,97,,98,,82,,81,
S01B_054,265,673575.953,3989918.603,166.7256012,1.956689908,3,,48,,39,,60,,59,,48,,44,,49,,46,,37,,60,,63,,45,,44,
S01B_055,270,673578.602,3989914.979,166.7256012,1.311124662,3,,38,,33,,59,,61,,59,,61,,53,,50,,49,15,57,,71,,51,,51,
S01B_056,275,673576.8705,3989910.46,166.7256012,1.64956492,3,,52,,54,,58,,70,,47,,35,,55,,52,,51,,52,,62,,57,,55,
S01B_057,280,673573.3547,3989906.911,166.7431638,1.438148723,3,,,,32,,47,,54,,44,,42,,49,,53,,42,,59,,56,,46,,48,
S01B_058,285,673570.1076,3989903.648,166.7256012,1.646495419,3,,45,,38,,50,,53,,52,,43,,41,,44,,44,5,51,,50,,41,,41,
S01B_059,290,673567.4685,3989900.362,166.7256012,1.251010335,3,,,,44,,51,, , , , ,43,,35,,41,,36,,37,,51,,39,,34,
S01B_060,295,673562.7397,3989898.954,166.7292632,1.13786878,3,,35,,56,,59,,65,,58,,31,,64,,53,,57,,61,,65,,65,,64,
S01B_061,300,673559.9503,3989894.969,166.8382661,1.360765341,3,,,,24,,47,,47,,38,,,,49,,55,,54,,52,,51,,54,,53,
S02A_001,305,673559.6229,3989894.661,166.8546358,1.361483889,2,,11,50,10,10,24,,28,,21,,5,,25,,15,,9,,23,,30,,10,,12,
S02A_002,310,673556.2544,3989891.457,167.025746,1.271250076,2,gauge,12,20,12,,16,,17,,15,,13,,19,,15,,11,,18,,21,,15,,16,
S02A_003,315,673551.9848,3989889.057,167.0303955,1.443225166,2,,0,,0,,0,,44,,0,,0,,15,,11,,11,,14,,31,,0,,0,
S02A_004,320,673547.8078,3989891.125,167.1405898,1.937091382,2,,0,,0,,10,,31,,0,,0,,0,,0,,0,,18,,30,,0,,0,
S02A_005,325,673543.0646,3989891.818,167.3777546,2.500253013,2,,0,,0,,23,,30,,22,,0,,0,,0,,0,,26,,22,,0,,0,
S02A_006,330,673539.4908,3989894.723,167.5564409,2.70325955,2,,20,10,14,,22,40,22,,14,,14,,31,10,24,,26,30,28,30,20,,22,,23,
S02A_007,335,673535.1216,3989896.834,167.7749032,2.633034094,2,,0,,0,,0,,15,,0,,0,,0,,0,,0,,24,,24,,0,,0,
S02A_008,340,673530.201,3989896.353,167.944809,1.898880296,2,,0,,0,,31,,49,,0,,0,,0,,0,,0,,40,,46,,0,,0,
S02A_009,345,673525.2174,3989896.498,167.944809,1.604693461,2,,0,,0,,32,,13,,0,,0,,0,,0,,0,,49,,54,,0,,0,
S02A_010,350,673520.5297,3989894.876,167.944809,1.77373921,2,,0,,0,,9,,12,,0,,0,,0,,0,,0,,21,,22,,0,,0,
S02A_011,355,673516.3058,3989892.294,168.1389624,1.766079163,2,,0,,0,,11,,43,,0,,0,,0,,0,,0,,23,,17,,0,,0,
S02A_012,360,673511.8636,3989891.913,168.2725193,2.156002661,2,,0,,0,,38,,28,,0,,0,,0,,0,,0,,41,,49,,0,,,
S02A_013,365,673507.1286,3989892.249,168.3402862,2.934901666,2,,0,,0,,32,,29,,19,,0,,20,,6,,6,,33,,31,,8,,10,
S02A_014,370,673506.3576,3989896.938,168.3216382,2.398450587,2,,0,,0,,25,,41,,13,,0,,19,,0,,0,,29,,27,,,,,
S02A_015,375,673505.18,3989900.029,168.3732622,2.090600252,2,,0,,0,,40,,33,,6,,0,,12,,0,,0,,38,,39,,0,,0,
S02A_016,380,673500.9849,3989898.559,168.6261266,2.143186281,2,,13,,16,,27,,32,,20,,15,,29,,20,,15,,27,,33,,18,,19,
S02A_017,385,673496.5638,3989900.353,168.7666424,2.682690379,2,,11,10,10,,24,,29,,16,,10,,19,,14,,14,,28,,32,,13,,14,
S02A_018,390,673493.2653,3989903.586,168.7046542,2.363956863,2,,14,,16,,21,,21,,19,,17,,23,,20,,18,,28,,32,,20,,19,
S02A_019,395,673488.5653,3989903.321,168.8489272,2.977590601,2,,13,,15,,20,,13,,16,,16,,18,,15,,15,,21,,22,,17,,17,
S02A_020,400,673484.2991,3989904.102,169.138305,3.17566841,2,,21,,21,,11,,16,,15,,16,,15,,21,,16,,15,,14,,22,,22,
S02A_021,405,673481.5438,3989908.086,169.2090713,2.825968433,2,,5,,13,,7,,9,,8,,13,,20,,23,,19,,17,,18,,19,,20,
S02A_022,410,673477.1684,3989906.341,169.4315835,3.396484194,2,,0,,0,,0,,24,,0,,0,,0,,0,,0,,0,,10,,15,,0,
S02A_023,415,673472.6178,3989906.869,169.6315863,3.284002071,2,,0,,9,,26,,28,,17,,0,,0,,0,,0,,21,,34,,0,,0,
S02A_024,420,673468.3451,3989907.554,169.7231969,2.840729165,2,,8,,13,,21,,20,,18,,14,,16,,15,,12,,20,,23,,0,,16,
S02A_025,425,673465.1779,3989904.076,169.9466854,3.058077702,2,,19,,19,,19,,12,10,18,,21,,20,,21,,18,,21,,23,,21,,21,
S02A_026,430,673462.0118,3989900.839,170.2779901,3.227466783,2,,0,,0,,10,90,14,,10,,0,,16,,10,,10,,9,,15,,11,,13,
S02A_027,435,673457.2846,3989900.88,170.2325757,3.344182079,2,,0,,0,,8,,5,,0,,0,,0,,0,,0,,18,,23,,0,,0,
S02A_028,440,673456.278,3989905.602,169.9057736,2.316604233,2,,9,,14,,6,,9,,14,,16,,17,,22,,13,,15,,12,,0,,16,
S02A_029,445,673451.7335,3989906.764,170.1541991,2.67574673,2,,8,,10,,12,,11,,, ,0,,16,,13,,12,,16,,21,,15,,15,
S02A_030,450,673448.7142,3989910.325,170.3515505,2.65561673,2,,10,,12,,13,,10,,9,,13,,17,,14,,11,,15,,16,,14,,15,
S02A_031,455,673444.1511,3989911.61,170.3899521,2.143755229,2,,5,,7,,,,,,,,0,,13,,12,,11,100,10,,16,,13,,13,
S02A_032,460,673440.053,3989913.627,170.5564273,2.944526373,2,,0,,0,,6,,9,,7,,0,,5,,8,,0,,7,,10,,7,,8,
S02A_033,465,673435.0831,3989913.357,170.7222446,3.251969478,2,,0,,0,,0,,31,,0,,0,,0,,0,,0,,30,,36,,0,,0,
S02A_034,470,673430.2495,3989914.026,171.0519045,3.331089032,2,,0,,0,,10,,29,,4,,0,,6,,0,,0,,20,,23,,0,,0,
S02A_035,475,673427.3033,3989917.002,171.0858166,2.165684917,2,,0,,5,,8,,10,,7,,3,,0,,0,,0,,7,,9,,0,,0,
S02A_036,480,673424.0828,3989920.151,171.2287784,2.794979308,2,,0,,0,,36,,49,,0,,0,,0,,0,,0,,37,,35,,0,,0,
S02A_037,485,673420.6781,3989922.284,171.3179868,3.028775022,2,,0,,0,,29,,32,,0,,0,,0,,0,,0,,35,,36,,0,,0,
S02A_038,490,673416.6452,3989924.152,171.2984132,2.389058242,2,,0,,0,,15,,21,,0,,0,,0,,0,,0,,19,,22,,0,,0,
S02A_039,495,673414.395,3989926.845,171.6164501,3.371966142,2,,0,,0,,18,,21,,0,,0,,14,,13,,0,,20,,23,,0,,16,
S02A_040,500,673414.6772,3989931.018,171.9137,4.247208847,2,,6,,9,20,13,,29,,12,,0,,16,,11,,10,,23,,24,,8,,6,
S02A_041,505,673412.6078,3989935.292,172.1094883,4.884427152,2,,0,,10,,19,,33,,0,,0,,0,,0,,0,,25,,35,,0,,0,
S02A_042,510,673409.6053,3989939.214,172.1830753,5.632895841,2,,19,,23,,32,,43,,30,,28,,32,,26,,25,,32,,35,,23,,23,
S02A_043,515,673405.4631,3989940.936,172.0389315,3.832028636,2,,20,,22,,29,,28,,28,,27,,31,,27,,27,,29,,33,,28,,28,
S02A_044,520,673403.0474,3989944.789,172.1606486,4.252509963,2,,17,,18,,10,,29,,13,,19,,25,,24,,23,,23,,25,,22,,20,
S02A_045,525,673401.8479,3989949.165,172.5685047,5.625835439,2,,4,,12,10,15,,52,,17,,13,,45,,26,,16,,39,20,27,,20,,20,
S02A_046,530,673399.4224,3989953.127,172.8133525,4.698982193,2,,0,,12,,14,,16,,13,,10,,18,,22,,10,50,16,,18,,15,,9,
S02A_047,535,673400.7958,3989956.022,173.0135814,4.402208974,2,,20,,0,,8,,7,,0,,0,,0,,23,,11,,5,,7,,0,,0,
S02A_048,540,673402.3008,3989960.482,173.1233532,4.067594191,2,,0,,0,,15,,20,,0,,0,,11,,0,,0,,16,,19,,0,,0,
S02A_049,545,673400.8113,3989964.888,173.3334428,3.876514452,2,,20,,23,,25,,27,,21,,19,,22,,17,,17,,19,,22,,17,,15,
S02A_050,550,673401.998,3989969.42,173.6527577,6.385250149,2,,0,,0,,0,,0,,0,,0,,0,,0,,0,,9,,12,,0,,0,
S02A_051,555,673397.3554,3989970.238,173.6066397,5.755826839,2,,0,,6,,15,,18,,0,,0,,12,,0,,0,,21,,22,,0,,0,
S02A_052,560,673392.6432,3989968.84,173.6980913,4.556941289,2,,14,,11,,11,,17,,11,,10,,20,,17,,17,,18,,19,,21,,20,
S02A_053,565,673387.9631,3989969.049,173.9626513,6.60262253,2,,17,,18,,24,,25,,23,,19,,21,,21,,20,,24,,24,,21,,22,
S02A_054,570,673386.8975,3989973.868,173.8514256,4.874118862,2,,22,,22,,21,,23,,23,,21,,24,,23,,22,,23,,25,,26,,25,
S02A_055,575,673385.6329,3989978.554,174.3172482,5.92048883,2,,23,,23,,33,,37,,33,,27,,38,10,32,,30,70,21,,30,,36,,36,
S02A_056,580,673382.338,3989981.364,174.4231969,5.511124104,2,,49,30,50,20,52,,59,,49,10,54,20,60,50,65,50,49,,55,20,48,10,61,50,67,50
S02A_057,585,673378.8493,3989983.956,174.2914207,5.482830452,2,,17,20,16,10,26,,27,,21,,18,,22,,23,,22,,24,,22,,22,10,20,
S02B_058,590,673377.8432,3989984.115,174.3071431,5.419925036,1,,22,10,24,,25,,25,,24,,19,,18,,26,,25,,17,,27,,26,,24,
S02B_059,595,673373.2879,3989984.684,174.3453742,4.10919326,1,,13,20,20,,25,,27,,21,,9,,24,,30,,22,,23,,22,,19,,22,
S02B_060,600,673369.1836,3989987.155,174.7501781,5.367740652,1,,25,20,33,,37,,40,,34,,35,,40,5,44,,35,5,38,,37,,40,15,40,10
S02B_061,605,673366.2161,3989990.464,175.1951558,6.633853781,1,,27,20,19,,30,,30,,23,,33,70,27,,26,,25,,25,,26,,27,,27,5
S02B_062,610,673362.4929,3989990.285,175.2374993,6.066975889,1,,40,,43,40,38,50,41,50,42,50,39,80,41,50,46,60,37,,43,60,27,30,49,60,44,80
S02B_063,615,673357.6883,3989990.394,175.3514563,6.309915645,1,,0,,18,,19,,32,,21,,15,,19,,18,,19,,22,,21,,19,,21,
S02B_064,620,673354.7396,3989993.588,175.7605545,7.677980721,1,,4,,10,,16,,17,,9,,8,,14,,13,,13,,14,,16,,11,,7,
S02B_065,625,673350.4858,3989995.461,176.533567,8.467441556,1,,7,40,7,,15,,16,,15,,14,,11,,10,,9,,14,,15,,11,,9,
S02B_066,630,673346.4192,3989995.919,176.7417055,7.546879608,1,,12,50,11,,8,,14,,7,,10,,12,,12,,8,,14,,16,,13,,11,
S02B_067,635,673341.8875,3989995.527,176.8396423,6.199294769,1,,7,,3,10,8,,9,,10,,9,,13,,8,,8,,9,,8,,7,,7,
S02B_068,640,673338.313,3989994.805,177.0972981,6.132989294,1,,0,,0,,0,,0,,0,,0,,0,,0,,0,,0,,0,,0,,0,
S02B_069,645,673333.9986,3989995.439,177.4482706,5.80303119,1,,19,,17,,32,50,34,,12,,15,,18,,15,,7,,28,,32,,21,30,16,
S02B_070,650,673329.9877,3989995.217,177.8418755,6.08918057,1,,19,20,16,,29,30,29,10,13,,9,,26,,20,5,22,10,23,,28,,24,,26,
S02B_071,655,673325.7146,3989996.206,178.0406215,6.624558912,1,,23,20,34,,37,20,36,5,7,,13,,43,,38,10,33,,39,,36,,36,,37,
S02B_072,660,673322.2456,3989997.786,178.3731234,6.602989225,1,,18,20,16,,27,30,25,,17,,23,,16,,17,,12,,17,,23,,22,,20,
S02B_073,665,673317.7518,3989999.27,179.0455279,7.139320198,1,,10,20,14,,23,60,18,,14,,14,,18,,9,,15,,18,,21,,25,,13,
S02B_074,670,673313.1924,3989999.569,179.2884721,7.772315736,1,,0,,0,,29,50,21,90,29,70,8,80,28,20,23,20,28,20,29,,26,40,19,,18,
S02B_075,675,673310.9613,3990001.247,179.5536871,7.005015841,1,,0,,0,,14,10,13,,16,,14,,13,,11,,10,,14,,12,,13,,14,
S02B_076,680,673306.9434,3990002.815,179.8422719,6.053227361,1,,0,,0,,0,,0,,0,,0,,0,,0,,0,,0,,0,,0,,0,
S02B_077,685,673303.1566,3990005.449,180.2862756,7.461002901,1,,0,,0,,0,,0,,0,,0,,0,,0,,0,,0,,0,,0,,0,
S02B_078,690,673299.9971,3990008.23,180.6955256,8.054122683,1,,0,,0,,6,,0,,0,,0,,16,,0,,0,,24,,24,,9,,14,
S03A_001,305,673559.6369,3989894.62,166.8539358,1.356003666,3,,26,,43,,47,,46,,47,,44,,49,,45,,43,,59,,46,,42,,41,
S03A_002,310,673558.6223,3989889.825,166.984389,1.043349781,3,,0,,0,,27,,20,,30,,29,,42,,28,,27,,31,,22,,31,,37,
S03A_003,315,673561.5937,3989886.006,167.0303955,0.699768709,3,,0,,0,,31,,43,,32,,28,,42,,32,,31,90,46,,42,,29,,31,
S03A_004,320,673559.6409,3989882.017,167.0303955,0.775600643,3,,0,,0,,58,,61,,56,,52,,57,,54,,52,30,60,,59,,36,,55,
S03A_005,325,673560.7331,3989877.457,167.0303955,1.020160505,3,,0,,0,,27,,23,,20,,23,,27,,26,,25,,26,,49,,27,,28,
S03A_006,330,673564.3504,3989874.662,167.1377364,2.036755576,3,,65,,0,,49,,53,,44,,35,,51,,47,,45,,52,,61,,47,,46,
S03A_007,335,673562.6061,3989870.21,167.0505188,2.503042619,3,,33,,34,,73,,66,,68,,77,,82,,79,,75,60,76,,65,,70,,83,
S03A_008,340,673555.9038,3989864.314,167.0405875,0.812889904,3,,0,,0,,65,,91,,64,,63,,72,,68,,62,60,79,,84,,86,,67,
S03A_009,345,673558.2488,3989860.305,167.1884779,3.389236572,3,,16,,0,,44,,45,,30,10,18,,41,,31,,33,,54,,47,,34,5,33,
S03A_010,350,673558.9245,3989856.368,167.4040333,5.505046099,3,,6,,0,,50,,50,,52,,52,,51,,51,,50,,44,,53,,51,,53,
S03A_011,355,673555.4333,3989853.796,167.359267,5.079712782,3,,0,,0,,56,,52,,50,,54,,55,,55,,55,,54,,56,,55,,55,
S03A_012,360,673553.2457,3989850.681,167.5227114,5.154470185,3,,0,,0,,49,,53,,49,,38,30,53,,48,,38,20,51,,50,,51,5,52,
S03A_013,365,673551.0443,3989846.694,167.6397071,5.378696028,3,,0,,0,,55,,60,,60,,49,,56,,57,,36,10,60,,58,,59,,57,
S03A_014,370,673547.288,3989843.867,167.6983638,4.310148273,3,,0,,0,,58,,64,,51,,42,10,54,,42,,43,,58,,41,,41,,40,
S03A_015,375,673542.337,3989844.276,167.6399994,1.671957599,3,,31,,0,,44,,53,,42,,52,,51,,48,,42,,48,,46,,44,,48,
S03A_016,380,673540.8903,3989841.967,167.6399994,1.834686189,3,,0,,0,,56,,70,,55,,25,,58,,55,,54,5,71,,74,,58,,57,
S03A_017,385,673538.9303,3989838.031,167.6544898,1.975388664,3,,0,,0,,31,,33,,24,,20,,32,,32,,29,,28,,29,,25,,26,
S03A_018,390,673537.4464,3989833.82,167.6399994,3.392818982,3,,48,60,0,,42,,35,,23,,,,43,10,42,,40,,39,,31,10,38,,43,
S03A_019,395,673534.058,3989831.064,167.7552195,3.227771136,3,,50,,0,,49,,48,,47,,50,,52,,47,,50,,52,,57,,51,,49,
S03A_020,400,673529.27,3989830.342,167.7113704,1.865379936,3,,6,20,0,,54,,51,,51,,49,,48,,49,,51,,50,,49,,49,,51,
S03A_021,405,673529.8651,3989825.817,167.8927551,3.719333909,3,,11,10,0,,43,,49,,38,,26,,44,,49,,46,,47,,48,,40,,46,
S03A_022,410,673526.0201,3989824.338,167.7744627,2.82531497,3,,24,10,0,,38,,71,,34,,22,,66,,34,,28,,72,,79,,37,,38,
S03A_023,415,673524.2367,3989820.998,167.921836,3.307455103,3,,51,,0,,51,,52,,48,,44,,49,,53,,47,,49,,46,,51,20,55,20
S03A_024,420,673519.8963,3989819.515,167.9959656,2.719719632,3,,0,,0,,47,,51,,49,,56,,42,,49,,47,,56,,54,,24,,46,
S03A_025,425,673515.4865,3989821.624,167.8905401,1.950356979,3,,60,,0,,32,,63,,19,,17,40,56,,17,,18,,63,,72,,23,,20,
S03A_026,430,673511.7468,3989824.416,167.750921,1.80399309,3,,4,,0,,74,,53,,67,,72,,72,,79,,68,,75,,52,,69,,72,
S03A_027,435,673510.6645,3989829.098,167.6399994,1.774207198,3,,26,,0,,27,,35,,23,,19,,23,,19,,19,,31,,35,,19,,22,
S03B_028,440,673507.1275,3989829.516,167.6561921,2.123833719,3,,0,,0,,47,,51,,41,,33,,44,,38,,33,,53,,55,,34,,38,
S03B_029,445,673503.3676,3989827.407,168.0120112,2.252422476,3,,0,,0,,37,,36,,33,,30,,40,,32,,29,,37,,56,,27,,31,
S03B_030,450,673500.0427,3989824.665,168.2089627,1.746437021,3,,0,,0,,20,,53,,45,70,0,,43,,40,,44,,43,,47,,33,,46,
S03B_031,455,673495.1927,3989824.452,168.0553805,0.990176592,3,,0,,0,,36,,55,,37,,31,,37,,37,,34,,38,,41,,32,,32,
S03B_032,460,673493.8552,3989819.86,168.2496033,1.242798502,3,,0,,0,,47,,53,,45,,33,,42,,29,,34,,42,,45,,37,,37,
S03B_033,465,673494.1197,3989815.369,168.2496033,0.591395481,3,,14,,0,,28,,42,,25,,10,,32,,23,,23,,33,,56,,27,,27,
S03B_034,470,673493.1603,3989811.808,168.2496033,1.093018914,3,,0,,0,,44,,39,,46,,45,,44,,42,,40,,43,,39,,44,,43,
S03B_035,475,673497.3639,3989810.014,168.2496033,0.480491203,3,,0,,0,,25,,41,,19,,16,,45,,23,,21,,26,,29,,22,,23,
S03B_036,480,673494.7395,3989806.316,168.2563964,1.155721665,3,,21,,0,,13,,52,,11,,12,,43,,41,,40,,48,,51,,40,,39,
S03B_037,485,673494.7933,3989801.641,168.2977938,2.211257319,3,,18,,0,,35,,44,,34,,27,,41,,41,,39,,42,,38,,39,,40,
S03B_038,490,673499.0908,3989801.631,168.2605435,1.357197654,3,,43,50,0,,35,,40,,29,,28,,31,,32,,32,,31,,32,,32,,31,
S03B_039,495,673503.3442,3989799.881,168.2904187,1.921519206,3,,38,,0,,56,,64,,58,,51,,54,,45,,43,15,63,,65,,44,,44,
S03B_040,500,673504.558,3989790.904,168.7976413,2.479895403,3,,0,,0,,45,,55,,38,,44,,51,,52,,54,80,65,,56,,51,,53,
S03B_041,505,673504.5752,3989785.906,168.8592072,1.284477443,3,,0,,0,,50,,46,,34,,24,,53,,36,,30,,39,,45,,33,,33,
S03B_042,510,673504.5283,3989782.084,168.8592072,0.952399493,3,road,0,,0,,0,,0,,0,,0,,0,,0,,0,,0,,0,,0,,0,
S03B_043,515,673500.5078,3989780.84,168.8592072,0.228090755,3,,36,,0,,52,,66,,45,,38,10,58,,51,,41,,56,,68,,55,,55,
S03B_044,520,673502.1419,3989776.758,168.8673763,0.922899232,3,,0,,0,,74,,95,,74,,80,,68,,87,,85,100,71,,95,,84,,84,
S03B_045,525,673498.9956,3989775.779,168.8592072,0.602416455,3,,14,,0,,45,,45,,38,,14,,38,,23,,23,,45,,45,,22,,21,
S03B_046,530,673494.7648,3989774.795,168.8592072,0.328991922,3,,32,,0,,43,,46,,42,,43,,41,,44,,38,90,43,,42,,43,,41,
S03B_047,535,673493.6957,3989771.134,168.8592072,0.783364827,3,,24,,0,,46,,47,,47,,44,,47,,49,,44,,48,,48,,45,,46,
S03B_048,540,673494.1797,3989766.634,168.8592072,1.099854981,3,,22,,0,,44,,50,,41,,42,,54,,55,,54,70,50,,53,,56,,54,
S03B_049,545,673497.5883,3989764.264,168.9812441,1.221426235,3,,28,,0,,35,,41,,37,,31,,36,,35,,33,,36,,40,,36,,34,
S03B_050,550,673497.2453,3989759.937,168.9640944,1.137110746,3,,10,,0,,33,,32,,38,,41,,40,,39,,38,10,33,,46,,34,,31,
S03B_051,555,673498.7614,3989756.867,169.0951017,0.891841273,3,,24,50,0,,22,,29,,20,,13,,22,,20,,19,20,28,,37,,19,,21,
S03B_052,560,673499.2744,3989753.426,169.1640015,0.568896954,3,,27,,0,,37,,53,,35,,33,,36,,32,,31,20,44,,47,,33,,33,
S03B_053,565,673500.3952,3989749.767,169.1640015,0.209157336,3,,36,,0,,34,,41,,33,,30,,35,,31,,30,10,37,,42,,31,,32,
S03B_054,570,673501.4479,3989746.227,169.1640015,0.189563206,3,,21,,0,,57,,54,,41,,59,,57,,65,,61,,58,,61,,59,,60,
S03B_055,575,673499.5996,3989744.588,169.1640015,0.169759488,3,,8,,0,,39,,44,,34,,32,,38,,33,,34,20,42,,47,,36,,36,
S03B_056,580,673501.4715,3989740.259,169.1659293,0.631392321,3,,36,,0,,37,,45,,38,,16,,37,,35,,31,,43,,45,,36,,35,
S03B_057,585,673505.2497,3989738.637,169.2511975,2.118663167,3,,5,,0,,57,,54,,50,,43,,56,,46,,44,10,50,,51,,48,,45,
S03B_058,590,673506.8688,3989734.478,169.4122254,2.679901575,3,,14,,0,,40,,46,,25,,18,,34,,27,,28,,36,,42,,28,,28,
S03B_059,595,673511.1023,3989732.19,169.5994539,4.2169044,3,,58,,0,,45,,55,,41,10,20,,41,,27,,22,,52,,56,,28,,28,
S03B_060,600,673510.3877,3989727.679,169.4333421,3.796149025,3,,45,,0,,63,,67,,60,,58,,64,,59,,58,60,64,,56,,58,,59,
S03B_061,605,673506.5838,3989724.83,169.1640015,2.051907474,3,,10,10,0,,56,,49,,52,,33,,51,,41,,30,10,53,,52,,42,,39,
S03B_062,610,673504.2508,3989720.974,169.1640015,1.239565735,3,,26,,0,,64,10,57,,58,,57,,55,,52,,52,,56,,46,,57,,55,
S04A_001,610,673502.8608,3989719.32,169.1640015,0.887056548,3,,31,10,0,,54,,58,,59,,32,,65,,60,,49,30,61,,63,,56,,50,
S04A_002,615,673499.6713,3989717.947,169.1640015,0.442270228,3,,16,40,0,,44,,52,,37,,29,,41,,36,,35,30,44,,49,,35,,37,
S04A_003,620,673497.1626,3989718.587,169.1640015,0.460239887,3,,30,,0,,64,,59,,49,,40,,55,,47,,42,100,61,,63,,43,,47,
S04A_004,625,673494.3272,3989715.197,169.1755042,0.873988563,3,,0,,0,,23,,48,,11,,0,,12,,8,,2,,42,,54,,8,,8,
S04A_005,630,673491.5669,3989712.43,169.2954475,1.407793224,3,,40,,0,,42,,51,,35,,30,,37,,34,,32,,44,,51,,34,,32,
S04A_006,635,673484.192,3989716.433,169.1876683,1.378632495,3,,18,10,0,,52,10,58,,44,20,12,,51,,35,,28,40,61,5,64,,39,,36,20
S04A_007,640,673480.9164,3989719.188,169.1640015,1.524465885,3,,31,,0,,45,,49,,43,,41,,44,,43,,42,100,48,,57,,43,,43,
S04A_008,645,673477.3232,3989720.963,169.1640015,1.823410354,3,,4,,0,,25,,31,,22,,21,,24,,21,,18,,26,,34,,22,,24,
S04A_009,650,673473.4617,3989721.572,169.3338867,2.030110164,3,,7,,0,,39,,46,,35,,31,,36,,33,,33,,39,,45,,33,,34,
S04A_010,655,673469.4552,3989723.772,169.5072639,2.432260787,3,,10,,0,,28,,28,,25,,10,,31,,23,,26,,31,,32,,19,,22,
S04B_011,660,673466.9078,3989720.267,169.5552836,2.264473846,3,S16 enters,7,,0,,26,,32,,30,,17,,25,,24,,17,,28,,27,,23,,22,
S04B_012,665,673462.221,3989719.959,169.7434797,2.276939076,3,,8,,0,,24,,41,,28,,11,,28,,19,,24,,31,,35,,25,,25,
S04B_013,670,673459.6987,3989712.857,169.7736053,0.840536929,3,,0,,0,,24,,58,,25,,14,,18,,17,,15,,26,,31,,16,,17,
S04B_014,675,673458.6871,3989708.951,169.7736053,0.855254619,3,,23,,0,,47,,53,,19,,18,,41,,31,,30,60,50,,47,,31,,31,
S04C_015,680,673456.227,3989707.88,169.8299582,1.236042925,3,S19 enters,0,,0,,15,,28,,34,,0,,39,,31,20,13,,37,,50,,0,,0,
S04C_016,685,673451.3562,3989708.612,169.9192793,1.484554078,3,,28,20,0,,29,,34,,20,,24,,31,,25,,25,50,38,,31,,24,,27,
S04C_017,690,673448.313,3989708.04,170.0256526,1.186620688,3,,17,,0,,28,,46,,26,,5,,30,,25,,13,,37,,38,,27,,25,
S04C_018,695,673445.3547,3989704.638,170.0783997,0.433886228,3,,24,,0,,44,,52,,27,,33,,37,,35,,34,,41,,41,,37,,35,
S04C_019,700,673440.7639,3989705.949,170.0783997,0.265986803,3,,13,10,0,,,,,,39,,23,,25,,24,,23,,31,,29,,25,,25,
S04C_020,705,673438.9679,3989702.057,170.0783997,0.770247011,3,,0,,0,,27,,27,,26,,30,,44,,35,,37,,50,,41,,41,,40,
S04C_021,710,673441.2949,3989697.759,170.1213565,1.633707517,3,,0,,0,,45,,65,,39,,11,,31,,21,,20,,32,,36,,23,,22,
S04C_022,715,673438.468,3989694.812,170.2687258,2.273210718,3,,0,,0,,29,,115,40,29,,0,,17,,15,,0,,74,,132,,9,,10,
S04C_023,720,673434.1872,3989695.507,170.2339694,2.035205189,3,,26,10,0,,19,,163,40,19,,0,,62,,0,,0,,79,,86,,0,,0,
S04C_024,725,673430.0249,3989693.94,170.3607174,1.86425499,3,,6,20,0,,,,142,,11,,0,,44,,17,,0,,95,,95,,16,,22,
S04C_025,730,673425.6751,3989692.212,170.3986938,1.462465608,3,,23,,0,,,,160,,7,,29,,64,,56,,50,100,83,,106,,54,,59,
S04C_026,735,673423.642,3989688.249,170.5968397,2.355018396,3,,0,,0,,47,,147,,47,,17,,65,,49,,49,60,74,,78,,58,,58,
S04C_027,740,673419.6175,3989686.713,170.5603631,2.808595447,3,,0,,0,,51,,92,,58,,23,,39,,37,40,35,,44,,59,,39,,39,
S04C_028,745,673416.6937,3989686.513,170.4223595,2.840441736,3,,7,,0,,60,,104,,34,,14,30,35,,21,,16,,49,,50,,29,,31,
S04C_029,750,673417.4407,3989691.24,170.39942,1.048531386,3,,26,,0,,36,,105,,28,,13,,26,,20,,15,,45,,52,,24,,24,
S04C_030,755,673419.0915,3989695.316,170.4497499,1.047582223,3,,32,,0,,34,,73,,23,,15,,41,,29,,16,40,69,,77,,30,,31,
S04C_031,760,673415.8528,3989691.843,170.3834684,0.782585805,3,,6,20,0,,24,,105,,31,,23,,34,,31,,30,20,77,,82,,33,,36,
S04C_032,765,673411.2137,3989690.629,170.4559712,2.352059164,3,,20,,0,,35,,94,,27,,29,,112,,42,,41,30,147,40,147,,42,,41,
S04C_033,770,673408.417,3989694.273,170.5894709,2.439415836,3,,9,10,0,,34,,82,,37,,0,,253,30,16,,0,,183,30,206,,37,,37,
S04C_034,775,673404.7171,3989692.348,170.8932622,2.211914857,3,,9,10,0,,38,,123,,16,,19,10,97,,39,,32,100,104,,121,,39,,39,
S04C_035,780,673400.0033,3989691.476,170.9927979,1.211543112,3,,32,,0,,18,,124,,23,,12,,112,,43,,31,60,84,,116,,41,,37,
S04C_036,785,673396.2303,3989693.607,171.0050837,0.80378465,3,,21,,0,,47,,112,,34,,19,,73,,48,,24,10,109,,114,,48,,46,
S04C_037,790,673396.7365,3989688.825,170.9927979,0.955358026,3,,18,10,0,,38,,106,,34,,55,,43,,60,,49,60,44,,43,,35,,52,
S04C_038,795,673396.141,3989684.208,171.1037304,1.395615176,3,,0,,0,,44,,46,,32,,34,,57,,39,,34,70,58,,65,,39,,40,
S04C_039,800,673392.4453,3989685.237,171.0522389,1.472721305,3,,29,,0,,44,,70,,38,,31,,50,,32,,31,70,55,,59,,34,,35,
S04C_040,805,673387.6426,3989685.259,171.2077184,1.801099626,3,,12,,0,,38,,71,,35,,14,,68,,23,,18,60,68,,74,,24,,23,
S04C_041,810,673384.0292,3989682.113,171.3179399,1.204931789,3,,22,,0,,25,,86,,17,,27,,37,,30,,29,90,39,,47,,32,,31,
S04C_042,815,673381.2538,3989684.268,171.4321535,1.709664045,3,,19,,0,,29,,64,,31,,10,,43,,31,,17,,46,,51,,26,,33,
S04C_043,820,673380.1254,3989679.958,171.2976074,0.985800534,3,,0,,0,,34,,70,,33,,25,,29,,25,,24,80,28,,32,,30,,27,
S04C_044,825,673378.6082,3989676.711,171.3188345,1.165292004,3,,33,,0,,30,,42,,29,,28,,38,,30,,28,,40,,47,,36,,36,
S04C_045,830,673374.0031,3989675.65,171.501843,1.451507325,3,,42,,0,,39,,76,,37,,0,,13,,5,,0,,55,,32,,4,,5,
S04C_046,835,673371.7548,3989673.311,171.5562696,1.450575648,3,,48,,0,,14,,72,10,5,,33,,45,,51,,35,90,43,,50,,39,,38,
S04C_047,840,673369.2735,3989669.83,171.3822082,1.316021421,3,,23,10,0,,40,,52,,40,,41,,52,,63,,42,75,52,,55,,51,,53,
S04C_048,845,673365.7542,3989669.339,171.42651,1.928661728,3,,0,,0,,,,49,,51,,62,,65,,25,,48,40,55,,68,,52,,63,
S04C_049,850,673365.4502,3989664.573,171.5107492,1.947147487,3,gauge,23,,0,,47,,93,,59,,29,,33,,48,,27,,32,,37,,31,,29,
S04C_050,855,673361.0489,3989663.68,171.6022183,1.655904432,3,,25,10,0,,52,,48,,31,,33,,19,,22,,24,100,28,,27,,34,,26,
S04C_051,860,673356.8241,3989662.367,171.6136258,1.597707811,3,,34,,0,,32,,37,,5,,21,,23,,22,,21,,24,,25,,23,,23,
S04C_052,865,673355.9365,3989665.265,171.7371968,3.008350708,3,,0,,0,,6,,62,,26,,22,,27,,27,,24,,30,,33,,28,,26,
S04C_053,870,673352.3541,3989664.246,171.8418588,3.364829749,3,,19,50,0,,24,,81,,30,,31,,31,,35,,31,,41,,16,,29,,36,
S04C_054,875,673349.8655,3989660.595,171.856083,2.783855413,3,,52,,0,,36,,81,40,27,,0,,56,,41,,0,,64,,63,,54,,53,
S04C_055,880,673351.0942,3989657.247,171.7946493,1.793138823,3,,38,,0,,26,,96,,52,,25,,47,,26,,23,,50,,35,,35,,33,
S04C_056,885,673353.6101,3989655.388,171.7124616,2.163707317,3,,0,,0,,54,,63,,31,,53,,48,,44,,42,90,50,,56,,46,,46,
S04C_057,890,673348.801,3989654.243,171.907196,1.836825294,3,,14,40,0,,42,,101,,49,,41,10,47,,36,,37,70,53,,62,,42,,39,
S04C_058,895,673344.5589,3989652.578,171.907196,2.284761047,3,,6,,0,,49,,67,,45,,17,,49,,29,,27,,55,,58,,43,,45,
S04C_059,900,673344.6992,3989648.454,172.046838,3.177666511,3,,29,,0,,33,,72,,43,,15,,26,,18,,14,,34,,59,,20,,19,
S04C_060,905,673341.2531,3989646.337,172.2470885,3.239402469,3,,9,50,0,,28,,79,,28,,2,,24,,21,,22,,25,,155,75,23,,23,
S04C_061,910,673337.6634,3989646.306,172.2202386,2.706542971,3,,0,,0,,21,,93,50,22,,2,,33,,18,,22,,78,,172,30,26,,18,
S04C_062,915,673334.2073,3989645.461,172.2999736,2.657241644,3,,26,,0,,28,,73,,23,,27,,136,,51,,43,100,250,,269,,48,,54,
S04C_063,920,673330.1472,3989643.766,172.5162261,2.636999298,3,,0,,0,,61,,159,,45,,57,,170,15,104,,84,100,164,,,,101,,104,
S04C_064,925,673327.7471,3989640.08,172.7005204,3.128704057,3,,40,,0,,83,90,226,,83,,21,,121,,115,,98,100,117,,188,,103,,107,
S04C_065,930,673327.8369,3989635.534,172.9866572,3.998485227,3,,54,,0,,,,125,,68,,46,,117,,106,,103,100,118,,132,,107,,115,
S04C_066,935,673323.178,3989635.248,172.8780373,3.433414075,3,,26,,0,,98,,122,,89,,46,,52,,49,,43,90,55,,120,,51,,51,
S04C_067,940,673319.5729,3989633.758,172.7723171,3.48056976,3,,31,,0,,54,,118,,52,,53,,64,,51,,50,20,68,,76,,55,,60,
S04C_068,945,673317.1409,3989631.31,172.7857121,3.875743113,3,,35,,0,,66,,123,,70,,66,,180,,79,,90,40,174,,235,,168,,166,
S04C_069,950,673312.5784,3989631.62,172.5322145,2.600419734,3,,39,,0,,223,30,272,,204,,29,,37,,33,,31,,47,,56,,34,,33,
S04C_070,955,673308.339,3989629.118,172.8001333,2.578095876,3,,29,,0,,38,,165,,35,,28,,32,,31,,29,,34,,36,,31,,31,
S04C_071,960,673303.5554,3989628.334,172.8908561,2.386692672,3,,25,,0,,32,,47,,31,,38,,40,,40,,38,,39,,42,,38,,39,
S04C_072,965,673300.4184,3989625.601,173.1028593,3.33504826,3,,14,,0,,41,,51,,38,,,,43,,42,,39,,43,,39,,41,,42,
S05A_001,610,673502.8335,3989719.31,169.1640015,0.878107633,1,,0,,0,,36,,39,,32,,0,,34,,37,,0,,45,,47,,12,,12,
S05A_002,615,673503.6511,3989715.313,169.1954708,1.720594544,1,,0,,0,,20,,23,,16,,0,,21,,15,,0,,25,,23,,16,,16,
S05A_003,620,673500.8896,3989711.309,169.1640015,1.931895369,1,gauge,0,,0,,19,,16,,15,,0,,25,,18,,18,100,28,,32,,15,,20,
S05A_004,625,673500.1835,3989706.446,169.3821937,2.616228413,1,,0,,0,,24,,23,,21,,0,,25,,20,,18,100,30,,34,,20,,33,
S05A_005,630,673501.0144,3989701.657,169.6158918,3.023066011,1,,0,,0,,0,,0,,8,,0,,0,,0,,0,,35,,21,,0,,0,
S05A_006,635,673499.0854,3989698.135,169.6742479,2.49287604,1,,0,,0,,83,60,17,10,54,20,0,,20,,0,,0,,41,,75,,0,,0,
S05A_007,640,673495.3385,3989696.048,169.6028334,1.362832135,1,,0,,0,,29,,80,10,62,,0,,21,,33,,24,100,82,60,40,,28,,31,
S05A_008,645,673497.415,3989692,169.7833115,1.922033242,1,,0,,0,,74,,70,,58,,0,,70,,58,,45,100,86,,89,,59,,57,
S05A_009,650,673494.7831,3989688.667,169.7736053,1.355028022,1,,0,,0,,65,,65,,13,,0,,65,,21,20,47,100,69,,80,,54,,50,
S05A_010,655,673496.0633,3989679.439,170.0783997,1.602116228,1,,0,,0,,48,,31,,39,,0,,25,,21,20,0,,44,,60,,13,10,23,50
S05A_011,660,673494.4463,3989675.38,170.0718114,1.156927047,1,,0,,0,,45,,56,,45,20,0,,50,,23,,22,40,66,,63,,32,,27,
S05A_012,665,673491.6873,3989671.714,170.0783997,1.40526434,1,,0,,0,,131,70,88,20,54,,0,,94,,33,,0,,98,,105,,31,,30,
S05A_013,670,673492.6143,3989667.072,170.1317237,1.538856232,1,,0,,0,,116,40,76,10,18,,0,,74,,48,,30,30,92,,87,,43,,56,
S05A_014,675,673491.4372,3989662.687,170.3509502,1.34066072,1,,0,,0,,35,,14,10,25,,0,,26,,19,,9,,30,,27,,14,,13,
S05A_015,680,673492.7987,3989658.226,170.3832092,1.432548268,1,,0,,0,,36,,30,,23,,0,,24,,14,,0,,27,,32,,9,,10,
S05A_016,685,673492.1687,3989654.865,170.4108427,1.428063057,1,,0,,0,,29,,25,50,21,,0,,35,,15,,0,,43,,42,,13,,15,
S05A_017,690,673488.7896,3989651.596,170.3832092,1.282270051,1,,0,,0,,31,,27,10,38,,0,,28,,13,,0,,54,,78,,13,,16,
S05A_018,695,673486.7728,3989647.981,170.476658,1.447861393,1,,0,,0,,39,,44,,25,,0,,52,,33,,0,,94,,92,,34,,34,
S05A_019,700,673487.9188,3989643.419,170.6880035,1.122743178,1,,0,,0,,67,,42,5,56,,0,,26,,0,,0,,54,,78,,18,,19,
S05A_020,705,673486.3413,3989638.91,170.6880035,0.259835414,1,,0,,0,,54,,0,,0,,0,,225,,81,,0,,122,,131,,91,30,100,
S06A_001,980,673299.8812,3989625.402,173.1297243,3.393222537,2,,0,,0,,15,,13,,17,,11,,18,,14,,12,,17,,15,,9,,9,
S06A_002,985,673301.6127,3989621.255,173.3131501,3.649558733,2,,0,,3,,5,,9,,6,,8,,15,,13,,0,,4,,11,,4,,14,
S06A_003,990,673304.4853,3989617.3,173.5346988,3.332889372,2,gauge,0,,0,,14,,24,,16,,0,,15,,11,,9,100,16,,18,,13,,13,
S06A_004,995,673305.886,3989612.571,173.7695339,2.975293706,2,,0,,0,,9,,25,,7,,0,,15,,14,,8,,16,,15,,17,,14,
S06A_005,1000,673305.4856,3989607.883,173.9752376,3.27942127,2,,0,,0,,85,10,109,,72,,0,,107,,71,20,23,100,95,,105,,55,,44,
S06A_006,1005,673304.7186,3989603.402,174.1569493,3.354814132,2,,0,,0,,15,,89,70,8,,0,,10,,0,,0,,83,,32,,8,,9,
S06A_007,1010,673300.2891,3989595.871,174.5634492,3.771760009,2,,0,,0,,17,,27,,22,,0,,37,,9,,7,100,37,,23,,13,,13,
S06A_008,1015,673298.0294,3989592.139,174.6904415,2.944238571,2,,0,,0,,57,90,104,30,27,,0,,35,,24,,0,,32,,27,,26,,29,
S06A_009,1020,673295.0982,3989589.939,174.6539128,2.280115851,2,,0,,0,,25,,54,,19,,0,,29,,20,,18,,33,,29,,19,,19,
S06A_010,1025,673291.2597,3989588.037,174.6740264,2.063794687,2,,0,,0,,59,,63,,55,,11,,59,,54,,53,100,60,,58,,57,,60,
S06A_011,1030,673290.6445,3989584.827,174.7424255,2.393635739,2,,0,,0,,19,,14,,11,,0,,12,25,3,,3,,12,,16,,10,,12,
S06A_012,1035,673289.6388,3989580.52,174.9328597,2.388188562,2,,0,,0,,14,,62,30,17,,3,,12,,8,,9,,21,,25,,10,,10,
S06B_013,1040,673289.7821,3989578.776,175.0846056,2.232604868,1,S17 enters,0,,0,,22,,29,,15,,0,,22,,13,,0,,23,,21,,15,,15,
S06B_014,1045,673289.3185,3989573.987,175.2600098,1.920969521,1,,0,,0,,13,95,19,20,0,,0,,12,,0,,0,,14,,13,,0,,0,
S06B_015,1050,673291.9073,3989570.001,175.2900719,1.773709629,1,,0,,0,,10,90,17,20,3,,0,,8,,0,,0,,9,,10,,0,,0,
S06B_016,1055,673293.5461,3989565.654,175.5074174,2.978084447,1,,0,,0,,8,60,16,,5,,0,,11,,0,,0,,13,,12,,5,,7.5,
S06B_017,1060,673292.0667,3989561.161,175.784504,3.65000814,1,,0,,0,,9,50,19,20,0,,0,,11,,0,,0,,13,,13,,0,,0,
S06B_018,1065,673291.5394,3989556.404,176.0919049,3.608643094,1,,0,,0,,0,,25,30,0,,0,,14,,0,,0,,16,,13,,0,,0,
S06B_019,1070,673292.5564,3989552.066,176.2550561,3.178431643,1,,0,,0,,0,,29,30,0,,0,,16,,0,,0,,15,,18,,0,,0,
S06B_020,1075,673290.7182,3989548.634,176.4230295,3.46511456,1,,0,,0,,0,,0,,0,,0,,0,,0,,0,,0,,0,,0,,0,
S06B_021,1080,673290.7337,3989544.345,176.6227252,3.481505281,1,,0,,0,,0,,12,30,0,,0,,2,,0,,0,,4,,5,,0,,0,
S06B_022,1085,673290.7339,3989539.543,176.9597912,3.238956211,1,,0,,0,,0,,14,30,0,,0,,5,,0,,0,,4,,4,,0,,0,
S06B_023,1090,673290.6904,3989534.769,177.0716948,2.645415438,1,,0,,0,,5,10,28,10,0,,0,,9,,0,,0,,14,,17,,0,,0,
S06B_024,1095,673291.4668,3989530.124,177.1692094,2.492003349,1,,0,,0,,0,,16,50,0,,0,,0,,0,,0,,4,,7,,0,,0,
S06B_025,1100,673292.1989,3989525.633,177.1778147,2.52178069,1,,0,,0,,0,,16,60,0,,0,,0,,0,,0,,0,,0,,0,,0,
S06B_026,1105,673292.086,3989520.898,177.2302665,2.737727458,1,,0,,0,,0,,20,60,0,,0,,0,,0,,0,,0,,0,,0,,0,
S06B_027,1110,673292.8786,3989516.067,177.4321623,2.669189481,1,,0,,0,,0,,0,,0,,0,,0,,0,,0,,0,,0,,0,,0,
S06B_028,1115,673293.1544,3989511.187,177.6316071,2.279017149,1,,0,,0,,0,,0,,0,,0,,0,,0,,0,,0,,0,,0,,0,
S06B_029,1120,673292.5252,3989506.638,177.7342108,2.28802292,1,,0,,0,,0,,0,,0,,0,,0,,0,,0,,0,,0,,0,,0,
S06B_030,1125,673292.7618,3989502.438,177.759262,2.40187725,1,,0,,0,,0,,0,,0,,0,,0,,0,,0,,0,,0,,0,,0,
S06B_031,1130,673291.4099,3989497.839,177.826859,2.629792916,1,,0,,0,,0,,0,,0,,0,,0,,0,,0,,0,,0,,0,,0,
S06B_032,1135,673292.7104,3989493.44,177.9623363,2.031004562,1,,0,,0,,0,,0,,0,,0,,0,,0,,0,,0,,0,,0,,0,
S06B_033,1140,673293.7118,3989489.254,178.0165695,1.563303091,1,,0,,0,,0,,0,,0,,0,,0,,0,,0,,0,,0,,0,,0,
S06B_034,1145,673292.7623,3989484.467,178.307999,2.530491,1,,0,,0,,0,,0,,0,,0,,0,,0,,0,,0,,0,,0,,0,
S07A_001,980,673299.8447,3989625.414,173.1291158,3.391388929,3,,0,,15,,46,,71,,45,,44,,46,,46,,44,,45,,51,,41,,42,
S07A_002,985,673295.5301,3989627.082,173.0456287,2.802264918,3,,0,,21,,40,,72,,39,,32,,31,,30,,27,,33,,34,,32,,29,
S07A_003,990,673291.9356,3989628.626,173.0213796,2.614717162,3,,0,,6,,45,,118,,28,,12,,46,,40,,23,100,49,,51,,24,,23,
S07A_004,995,673287.0543,3989629.27,173.1575704,3.322872883,3,,0,,17,,88,30,327,,36,,33,,140,,43,,28,20,161,,201,,31,,32,
S07A_005,1000,673284.8963,3989633.274,173.0407894,3.01364587,3,,0,,23,,31,,92,10,25,,34,,46,,42,,33,,46,,48,,34,,39,
S08A_001,1005,673282.7615,3989635.587,172.9251668,2.712344614,2,,33,,31,,33,,93,,34,,42,,35,,41,,42,40,52,,39,,19,,19,
S08A_002,1010,673281.6929,3989637.78,172.8263186,2.066204829,2,,0,,0,,17,,31,,15,,25,,19,,26,,25,,23,,22,,16,,21,
S08A_003,1015,673282.6888,3989642.361,172.8563898,2.394335736,2,,11,,0,,15,,27,,18,,17,,13,,12,,11,,20,,20,,12,,11,
S08A_004,1020,673279.2795,3989645.392,173.077086,2.877129276,2,,11,10,0,,14,,16,,14,,14,,24,,22,,23,,23,,23,,23,,22,
S08A_005,1025,673275.306,3989647.312,173.3235739,2.81022912,2,,0,,0,,7,,29,,10,,9,,19,,16,,12,,13,,16,,7,,10,
S08A_006,1030,673274.6716,3989651.709,173.4821732,2.358353495,2,,17,,0,,20,,33,,29,,28,,28,,28,,29,,24,,24,,29,,29,
S08A_007,1035,673271.4687,3989654.014,173.6423229,2.451659371,2,,0,,0,,11,,22,,4,,0,,6,,0,,0,,15,,29,,0,,0,
S08A_008,1040,673268.3291,3989655.601,173.7993044,2.560483038,2,,0,,0,,4,,13,,3,,0,,2,,0,,0,,9,,28,,0,,0,
S08A_009,1045,673263.2164,3989662.767,174.0549341,2.353512917,2,,0,,0,,12,,21,,10,,0,,18,,5,,0,,24,,50,,0,,0,
S08A_010,1050,673265.9502,3989665.845,174.0711414,3.327217897,2,,7,10,0,,27,,43,10,17,,10,,26,,13,,13,,36,,44,,14,,13,
S08A_011,1055,673263.2213,3989668.499,174.0891588,2.978150741,2,,15,30,0,,21,,39,,23,,16,,22,,27,,24,,33,,39,,27,,26,
S08A_012,1060,673260.0016,3989669.746,174.2842179,2.901568507,2,,10,20,0,,20,,27,,20,,20,,20,,20,,17,,21,,23,,18,,18,
S08A_013,1065,673256.1493,3989671.494,174.3737698,2.880731549,2,,7,20,0,,16,,25,,9,,15,,21,,22,,18,,21,,24,,23,,23,
S08A_014,1070,673251.5881,3989672.54,174.4263963,2.331717967,2,,4,,0,,14,,15,,20,,17,,18,,21,,16,,17,,20,,11,,19,
S08A_015,1075,673248.1449,3989674.468,174.6669929,2.665468243,2,,0,,0,,36,,65,,0,,0,,0,,15,,0,,62,,62,,0,,0,
S08A_016,1080,673246.79,3989679.061,174.7435012,2.740172474,2,,0,,0,,49,,52,,34,,30,,37,,33,,34,,,,47,,33,,35,
S08A_017,1085,673244.8579,3989683.428,174.9512078,3.199499623,2,,0,,6,,46,,97,5,40,,21,,58,,45,,32,,71,,67,,61,,56,
S08A_018,1090,673240.6771,3989683.167,174.8286109,2.35288603,2,,6,50,14,50,30,,52,,31,,28,,36,,35,,29,,46,,47,,31,,31,
S09A_001,1095,673239.3622,3989681.657,174.7194621,1.808355974,1,,0,,0,,50,10,47,,48,,0,,55,,49,,34,100,64,,44,,42,,35,
S09A_002,1100,673236.9592,3989685.916,174.9387156,2.40831053,1,,0,,0,,9,,12,,6,,0,,6,,6,,0,,7,,12,,3,50,3,
S09A_003,1105,673240.8388,3989688.325,175.1363599,3.610582216,1,,0,,0,,15,,23,,8,,0,,4,,0,,0,,14,,19,,0,,0,
S09A_004,1110,673243.8549,3989692.279,175.4848351,4.828755378,1,,0,,0,,16,20,56,,9,,0,,0,,0,,0,,21,,42,,0,,0,
S09A_005,1115,673242.8118,3989696.694,175.7799306,5.750148009,1,,0,,0,,6,,21,5,0,,0,,0,,0,,0,,12,,19,,0,,0,
S09A_006,1120,673241.6248,3989701.083,176.0622928,6.060393131,1,,0,,0,,7,,14,,0,,0,,0,,0,,0,,11,,15,,0,,0,
S09A_007,1125,673239.0449,3989705.199,176.2191407,6.010734382,1,,0,,0,,34,,37,,29,,0,,29,,0,,0,,34,,38,,0,,0,
S09A_008,1130,673237.0079,3989709.672,176.4791236,5.130079274,1,,0,,0,,6,,15,,0,,0,,0,,0,,0,,7,,12,,0,,0,
S09A_009,1135,673236.487,3989713.521,176.6567414,4.800814554,1,,0,,0,,26,20,61,40,0,,0,,0,,0,,0,,29,10,45,,0,,0,
S09A_010,1140,673235.7086,3989717.917,176.8046506,4.436639564,1,,0,,0,,7,,16,,0,,0,,0,,0,,0,,8,,15,,0,,0,
S09A_011,1145,673232.2184,3989721.377,176.9369795,3.690357714,1,,0,,0,,10,,43,,0,,0,,0,,0,,0,,29,,34,,0,,0,
S09A_012,1150,673229.1583,3989725.226,177.2000059,3.466629906,1,,0,,0,,16,,29,,0,,0,,0,,0,,0,,20,,22,,0,,0,
S09A_013,1155,673227.4642,3989729.808,177.4614229,3.665439177,1,,0,,0,,11,,24,,0,,0,,12,,0,,0,,15,,19,,0,,0,
S09A_014,1160,673226.0152,3989734.078,177.8544601,4.156530923,1,,0,,0,,0,,31,,0,,0,,0,,0,,0,,0,,10,,0,,0,
S09A_015,1165,673226.6644,3989738.499,178.1625219,4.130113321,1,,0,,0,,0,,78,20,0,,0,,0,,0,,0,,16,,13,,0,,0,
S09A_016,1170,673228.0247,3989742.932,178.3900913,3.733871634,1,,0,,0,,20,,47,,16,,0,,18,,0,,0,,25,,35,,0,,0,
S09A_017,1175,673227.6631,3989747.193,178.6031275,3.151118964,1,,0,,0,,9,,24,,0,,0,,0,,0,,0,,10,,17,,0,,0,
S09A_018,1180,673228.7515,3989751.87,178.7697374,3.080535071,1,,0,,0,,0,,16,,0,,0,,0,,0,,0,,0,,17,,0,,0,
S09A_019,1185,673228.888,3989756.631,178.976799,3.322296934,1,,0,,0,,6,,34,,0,,0,,0,,0,,0,,5,,16,,0,,0,
S09A_020,1190,673228.8863,3989761.178,179.204227,3.674664378,1,,0,,0,,0,,65,70,0,,0,,0,,0,,0,,0,,12,,0,,0,
S09A_021,1195,673228.877,3989765.594,179.425505,4.002008767,1,,0,,0,,3,,0,,0,,0,,0,,0,,0,,0,,0,,0,,0,
S09A_022,1200,673228.5001,3989770.289,179.6790988,4.621225172,1,,0,,0,,22,,55,20,0,,0,,19,,0,,0,,23,,11,,0,,0,
S09A_023,1205,673226.9533,3989774.662,180.11961,4.64328056,1,,0,,0,,16,,15,,10,,0,,8,,0,,0,,9,,18,,0,,0,
S09A_024,1210,673227.0276,3989779.336,180.5098433,4.094891578,1,,0,,0,,0,,28,,13,,0,,16,,0,,0,,6,,19,,0,,0,
S09A_025,1215,673226.0341,3989784.236,180.7620808,3.908019149,1,,0,,0,,7,,0,,0,,0,,10,,0,,0,,9,,21,,0,,0,
S09A_026,1220,673229.8356,3989787.149,180.836217,3.713221015,1,,0,,0,,12,,15,,34,,0,,7,,0,,0,,8,,13,,0,,0,
S09A_027,1225,673234.4656,3989788.587,180.9214913,3.304997574,1,,0,,0,,6,,21,,5,,0,,11,,0,,0,,7,,11,,0,,0,
S09A_028,1230,673239,3989790.656,181.0805491,3.656151289,1,,0,,0,,0,,24,,7,,0,,17,,0,,0,,18,,15,,0,,0,
S09A_029,1235,673243.3936,3989792.978,181.4111164,3.566507197,1,,0,,0,,0,,15,,0,,0,,15,,0,,0,,12,,14,,0,,0,
S09A_030,1240,673248.2206,3989793.927,181.5494291,3.28241622,1,,0,,0,,0,,17,,0,,0,,9,,0,,0,,9,,11,,0,,0,
S09A_031,1245,673252.3573,3989796.606,181.6833675,3.003000052,1,,0,,0,,0,,6,,0,,0,,10,,0,,0,,10,,12,,0,,0,
S09A_032,1250,673256.9315,3989798.536,181.7798803,3.498806544,1,,0,,0,,0,,27,,0,,0,,14,,0,,0,,11,,12,,0,,0,
S10A_001,1095,673239.3865,3989681.655,174.7195752,1.810381411,2,,3,,6,,29,,108,,34,,15,,29,,32,,27,,37,,43,,30,20,26,
S10A_002,1100,673235.0586,3989681.481,174.8724768,3.01390522,2,,20,,15,70,19,,37,,20,,15,,27,,22,,18,,36,,36,,22,,24,
S10A_003,1105,673231.516,3989683.15,175.070741,3.183717556,2,,28,,18,,23,,53,10,24,,25,,23,,24,,18,,52,,58,,23,,29,
S10A_004,1110,673228.0505,3989684.027,175.3014095,3.235955524,2,,7,20,30,,27,,33,,31,,33,,25,,37,,26,,32,,32,,30,,29,
S10A_005,1115,673225.5243,3989686.981,175.2600098,2.884878459,2,,0,,17,,23,,35,,19,,20,,35,,35,,35,,37,,42,,23,,29,
S11A_001,1120,673224.7107,3989689.66,175.2600098,2.755518236,1,,0,,0,,31,20,54,,37,,10,,0,,0,,0,,52,,45,,0,,0,
S11A_002,1125,673221.4803,3989693.159,175.2918692,2.78010413,1,,0,,12,,5,,7,,3,,5,,9,,10,,10,,10,,9,,9,,10,
S11A_003,1130,673217.3872,3989695.796,175.6752943,3.579468936,1,,0,,0,,0,,25,90,0,,,,18,,13,,0,,10,,17,,0,,0,
S11A_004,1135,673213.1117,3989694.616,176.0037151,4.742879617,1,,0,,18,50,26,20,34,10,31,,31,,35,,34,10,32,,37,,28,,29,30,31,
S11A_005,1140,673211.0948,3989698.676,176.0514112,3.865624553,1,,0,,26,50,29,50,31,,28,,28,40,34,,32,,33,,32,,36,,32,70,23,
S11A_006,1145,673202.7991,3989701.202,176.6343257,4.86089774,1,,0,,8,,10,,14,,8,,9,,14,,15,10,10,,7,,9,,9,,9,
S11A_007,1150,673202.9626,3989705.01,176.458019,4.370022912,1,,0,,26,,20,,33,,23,,28,20,27,,24,20,28,,22,,23,,8,,7,
S11A_008,1155,673199.9819,3989708.23,176.6611613,4.337377522,1,,0,,14,,0,,41,60,19,20,14,10,47,,0,,5,,14,,49,40,0,,4,
S11A_009,1160,673195.7567,3989709.033,176.9414871,5.034969666,1,,0,,13,,21,40,25,20,21,20,21,,23,,21,10,13,,23,,26,,3,,0,
S11A_010,1165,673192.0285,3989710.671,177.2323866,5.532852078,1,,0,,10,,12,30,16,10,13,10,13,,8,,9,,10,,12,,15,,8,,8,
S11A_011,1170,673190.092,3989713.58,177.28058,5.130084916,1,,0,,24,30,27,50,32,50,22,,35,10,27,,21,,32,20,32,,28,,16,,19,
S11A_012,1175,673187.5318,3989717.469,177.3573239,5.220419603,1,,0,,12,,19,40,48,70,38,40,40,30,40,,41,20,44,30,40,,47,,43,20,46,20
S12A_001,1120,673224.7159,3989689.713,175.2600098,2.747944466,2,,0,,0,,9,,35,,9,,5,,13,,8,,6,,39,,33,,6,,5,
S12A_002,1125,673229.3465,3989690.193,175.1388299,2.269857701,2,,0,,0,,27,,42,,28,,28,,26,,24,,23,,21,,43,,26,,26,
S12A_003,1130,673233.3174,3989691.412,174.9674049,2.472027401,2,,0,,0,,18,,23,,19,,19,,23,,17,,21,,22,,27,,17,,20,
S12A_004,1135,673231.6654,3989695.523,175.2896375,3.059999122,2,,0,,0,,16,,22,,17,,16,,20,,19,,15,,21,,25,,17,,15,
S12A_005,1140,673231.1774,3989699.836,175.6256923,3.598811109,2,,0,,0,,7,,12,,7,,6,,15,,13,,13,,14,,14,,12,20,10,
S12A_006,1145,673227.2888,3989701.694,175.7185704,2.859535457,2,,0,,12,,18,,23,,19,,23,,19,,24,,17,,18,,23,,22,,21,
S12A_007,1150,673222.6615,3989701.966,175.6151728,2.026661287,2,,0,,13,,8,,16,,15,,8,,20,,19,,17,,15,,14,,9,,10,
S12A_008,1155,673220.1923,3989705.034,175.6108784,1.705641023,2,,0,,0,,27,,40,,15,,0,,31,,26,,20,,34,,37,,14,,15,
S12A_009,1160,673217.2802,3989706.74,175.7844908,2.615673871,2,,0,,0,,0,,28,,0,,0,,11,,27,,22,,44,,27,,2,,4,
S12A_010,1165,673218.7732,3989710.929,175.8854658,4.177030007,2,,0,,0,,16,10,47,,18,,12,10,57,25,24,,20,,28,,26,,12,,14,
S12A_011,1170,673217.7531,3989715.597,176.4669784,4.923008823,2,,0,,0,,0,,68,,5,,10,,22,,22,,0,,49,,57,,12,,13,
S12A_012,1175,673213.3024,3989716.266,176.3587856,4.152692558,2,,0,,0,,17,,59,,11,,5,,30,,14,,7,,40,,39,,15,,13,
S12A_013,1180,673209.5878,3989719.274,176.358964,3.232781091,2,,0,,0,,26,,35,,28,,26,,24,,21,,22,,28,,31,,23,,24,
S12A_014,1185,673208.2596,3989723.177,176.4961869,4.109805615,2,,0,,0,,9,,23,,10,,0,,19,,8,,0,,24,,24,,3,,0,
S12A_015,1190,673209.9971,3989726.063,176.8873327,4.327455263,2,,0,,0,,6,,33,,9,,16,,24,,17,,17,,20,10,20,,6,,12,
S12A_016,1195,673205.9616,3989728.038,176.8723335,3.829874343,2,,0,,0,,35,,55,,34,,30,,56,,36,,32,5,56,,65,,32,60,25,50
S12A_017,1200,673204.7509,3989730.296,176.9544856,3.706246,2,,0,,0,,0,,76,50,0,,0,,0,,0,,0,,21,,16,,16,,0,
S12A_018,1205,673203.7602,3989734.858,177.1330341,4.139298435,2,,0,,0,,0,,34,20,0,,0,,5,,0,,0,,19,,24,,16,,13,
S12A_019,1210,673205.9958,3989738.484,177.5905858,5.049941207,2,,0,,0,,13,,47,,17,,4,,19,,16,,18,,47,,49,,,,9,
S12A_020,1215,673204.9547,3989741.698,177.8476441,5.140082503,2,,0,,0,,19,,30,,26,,22,,21,,10,,16,,29,,18,,24,,22,
S12A_021,1220,673202.319,3989745.423,177.8975714,5.060764367,2,,0,,0,,21,,23,,22,,20,,24,,25,,23,,23,,25,,21,,23,
S12A_022,1225,673200.1818,3989749.431,178.0502767,5.098481106,2,,0,,0,,7,,46,40,8,,0,,45,,42,25,45,40,44,,29,,21,,21,
S12A_023,1230,673195.7802,3989749.672,177.8665387,3.722841879,2,,0,,0,,9,,45,20,38,30,34,80,42,,39,30,40,10,44,,35,,,,,
S12A_024,1235,673191.5214,3989747.318,178.1878111,5.189332228,2,road,0,,0,,0,,0,,0,,0,,0,,0,,0,,0,,0,,0,,0,
S12A_025,1240,673187.9764,3989750.424,178.6041125,6.317254364,2,,0,,0,,19,,41,,30,10,13,,37,,34,,34,,38,,41,,31,,35,
S12B_026,1245,673185.2772,3989753.232,179.0580422,5.850921855,1,,0,,0,,11,,17,,11,,9,,28,,24,,25,20,28,,28,,13,,14,
S12B_027,1250,673181.6038,3989755.09,179.4627743,4.440336601,1,,0,,0,,22,,33,,23,,20,,31,,30,,28,,32,,31,,26,,21,
S12B_028,1255,673177.8198,3989757.119,179.4951187,3.384644167,1,,0,,0,,0,,19,50,0,,0,,29,50,19,20,23,40,31,40,33,,5,,0,
S12B_029,1260,673176.0039,3989761.455,179.4982377,4.15472913,1,,0,,0,,24,,70,,24,,49,50,49,,45,,42,,41,,42,,39,,34,
S12B_030,1265,673169.2994,3989762.173,180.1284843,5.960881772,1,,0,,0,,23,50,41,,30,,8,,45,,38,10,31,,44,,47,40,28,,26,
S12B_031,1270,673166.2112,3989765.929,180.1504031,4.701815294,1,weir,0,,0,,68,,68,,68,,0,,68,,68,20,68,100,68,,68,,68,50,68,60
S12B_032,1275,673163.7363,3989769.341,180.7261484,6.487778313,1,,0,,0,,14,,8,,16,,0,,17,,19,,12,,20,,24,,15,,14,
S12B_033,1280,673159.0959,3989768.028,181.0054022,5.291992438,1,,0,,0,,6,,11,,7,,0,,27,,14,,17,,15,,18,,13,30,17,
S12B_034,1285,673154.5215,3989768.429,181.168348,4.891039077,1,,0,,0,,38,10,46,10,33,,0,,38,,37,,34,,38,,43,,36,,38,
S12B_035,1290,673152.6834,3989772.79,181.448882,4.163178171,1,,0,,0,,43,20,62,20,32,,40,,56,2,55,,39,,58,,49,,48,,44,20
S12B_036,1295,673145.3094,3989777.81,181.6612563,4.18080818,1,,0,,0,,9,,22,,8,,4,,27,,19,,13,,22,,24,,16,,19,
S12B_037,1300,673142.3976,3989781.807,182.0813687,5.228132988,1,,0,,0,,27,,41,,29,,0,,26,,40,,21,,32,,33,,37,,39,
S12B_038,1305,673143.3506,3989786.131,182.6527794,6.762122502,1,,0,,0,,11,,31,,13,,0,,17,,16,10,14,,19,,20,,14,,13,
S12B_039,1310,673139.6803,3989789.028,182.9353775,7.515731468,1,,0,,0,,28,,34,,26,,23,,29,,25,,23,,24,,27,,25,,24,
S12B_040,1315,673136.0976,3989791.736,183.1623546,7.970079493,1,,0,,0,,20,,47,40,17,,7,,59,,33,,27,,72,,64,,15,20,32,30
S12B_041,1320,673134.0585,3989795.662,183.5839203,8.77333108,1,,0,,0,,19,,23,,21,,23,,20,,24,,18,,22,,24,,26,,19,
S12B_042,1325,673130.969,3989797.977,183.6839077,8.72304809,1,,0,,0,,8,,11,,9,,9,,11,,9,,9,,19,,21,,8,,11,
S12B_043,1330,673128.1287,3989794.695,183.0539268,6.670545805,1,,0,,0,,0,,11,,0,,0,,6,,0,,0,,10,,9,,0,,0,
S12B_044,1335,673124.2615,3989796.584,183.2527218,5.868518163,1,,0,,0,,17,,21,,16,,0,,22,,21,,22,,23,,22,,23,,21,
S12B_045,1340,673121.4597,3989799.517,183.6797393,6.274937931,1,,0,,0,,0,,12,,0,,0,,4,,0,,0,,19,,19,,0,,0,
S12B_046,1345,673118.806,3989802.036,183.8585604,5.844418257,1,,0,,0,,13,10,23,,13,,12,,18,,15,5,13,,21,,31,,16,,16,
S12B_047,1350,673114.2712,3989810.051,184.672114,7.253099805,1,,0,,0,,28,20,23,,23,,20,,33,,30,,31,,33,,34,,31,,29,
S12B_048,1355,673110.4802,3989811.793,184.643022,6.083879905,1,,0,,0,,33,,30,,36,,0,,34,,30,,31,,37,,36,,34,,32,
S12B_049,1360,673107.4604,3989810.282,184.6378717,5.663331332,1,,0,,0,,18,,37,,28,,9,,31,,25,,26,,33,,35,,23,,18,
S12B_050,1365,673104.4703,3989813.096,184.9905296,4.418129817,1,,0,,0,,0,,24,50,0,,0,,4,,3,,0,,4,,5,,0,,0,
S12B_051,1370,673101.992,3989816.85,185.1656089,5.538244804,1,,0,,0,,24,,49,,24,,24,,57,,56,,36,,71,,64,,15,,23,
S12B_052,1375,673099.9339,3989821.239,185.1409564,4.473411863,1,,0,,0,,11,,11,,19,,26,30,51,,31,15,16,,49,40,23,,12,,16,
S12B_053,1380,673101.3441,3989825.392,185.7178891,5.619110576,1,,0,,0,,0,,15,,0,,0,,16,,10,,0,,17,,18,,3,50,6,
S12B_054,1385,673099.2482,3989829.42,185.8044567,5.220379615,1,,0,,0,,0,,38,,0,,0,,26,,25,,26,,28,,29,,26,,26,
S12B_055,1390,673095.4019,3989832,186.0667324,6.136715091,1,,0,,0,,10,20,15,,0,,0,,15,,16,,14,,19,,13,,14,,11,
S12B_056,1395,673097.6092,3989835.714,186.3768549,7.071667273,1,,0,,0,,8,30,13,,8,,0,,17,,12,,13,,30,,26,,15,,11,50
S12B_057,1400,673094.6235,3989838.054,186.5666284,6.230264784,1,,0,,0,,2,,30,10,0,,0,,28,,10,,10,,16,,30,,2,,13,
S12B_058,1405,673090.8233,3989840.755,186.9313157,5.809469011,1,,0,,0,,4,,7,,7,,0,,8,,11,,11,,11,,12,,10,,10,
S12B_059,1410,673087.0818,3989843.41,187.1518957,5.258703017,1,,0,,0,,9,10,25,,9,,19,,17,,17,,17,,18,,21,,16,,16,
S12B_060,1415,673084.1152,3989844.228,187.2919902,4.132465309,1,,0,,0,,20,,29,,14,,20,,15,,13,,14,,17,,18,,10,,18,
S12B_061,1420,673077.226,3989849.199,187.5974538,5.674440211,1,,0,,0,,21,,33,,22,,15,,21,,26,,21,,25,,25,,18,,14,
S12B_062,1425,673074.1928,3989847.73,187.6494186,5.476237871,1,,0,,0,,13,,20,,17,,21,,16,,17,,16,,18,,19,,15,,17,
S12B_063,1430,673070.2083,3989849.855,187.9415922,4.993878783,1,,0,,0,,14,90,38,,18,10,20,,30,,19,,22,,32,,33,,19,,17,
S12B_064,1435,673066.5847,3989852.269,188.2976066,5.538437473,1,,0,,0,,22,,33,,21,,23,20,17,,17,,16,,16,,19,,15,,15,
S12B_065,1440,673064.7932,3989848.741,188.2892848,5.052357146,1,,0,,0,,20,,41,20,23,,15,,41,,18,,15,,46,,39,,13,50,8,
S12B_066,1445,673061.2422,3989845.913,188.4208304,5.860874803,1,,0,,0,,12,,16,,13,,12,,20,,16,,20,,26,,19,,15,,14,
S12B_067,1450,673056.9674,3989844.6,188.6991262,6.830542069,1,,0,,0,,13,10,10,,20,,18,,14,,11,,10,,21,10,21,,16,,13,
S12B_068,1455,673053.9241,3989847.824,188.8472676,5.50928968,1,,0,,0,,34,80,43,50,19,,20,,37,50,17,,14,,18,,19,,20,,22,
S12B_069,1460,673050.1367,3989849.729,189.040572,4.287088752,1,,0,,0,,25,90,31,60,23,,35,,28,,17,,14,,28,,32,,14,,15,
S12B_070,1465,673046.8441,3989849.999,189.2192765,4.69085419,1,,0,,0,,33,80,38,,35,,0,,40,,36,,35,,43,,37,,37,,36,
S12B_071,1470,673042.0103,3989855.533,189.5592481,4.843351944,1,,0,,0,,0,,0,,0,,17,,0,,0,,0,,0,,0,,0,,0,
S12B_072,1475,673038.0218,3989854.513,189.7124808,6.098986997,1,,0,,0,,18,10,26,,17,,0,,19,,19,,17,,18,,19,,20,,16,
S12B_073,1480,673033.1626,3989855.438,190.2794498,8.601754605,1,,0,,0,,0,,8,,0,,0,,10,,0,,0,,15,,14,,0,,0,
S12B_074,1485,673030.883,3989857.519,190.3993197,8.630872906,1,,0,,0,,0,,33,75,0,,0,,33,40,0,,0,,19,,52,20,2,,0,
S12B_075,1490,673029.1694,3989861.009,190.669236,6.895209933,1,,0,,0,,0,,18,,0,,0,,13,,0,,0,,20,,20,,10,30,10,50
S12B_076,1495,673025.5431,3989863.28,190.8292023,4.931625406,1,,0,,0,,6,,19,,8,,0,,12,,11,,13,,16,,17,,11,,14,
S12B_077,1500,673021.3701,3989861.48,191.5407513,9.094849305,1,,0,,0,,0,,19,,5,,0,,23,,9,,0,,44,,40,,8,,10,
S12B_078,1505,673016.9675,3989868.131,191.463398,5.708710374,1,,0,,0,,18,95,23,,16,,0,,19,,15,,14,50,21,,21,,8,,14,
S12B_079,1510,673018.9644,3989871.612,191.3833223,4.694843084,1,,0,,0,,10,80,33,20,0,,0,,25,,9,,0,,25,,27,,0,,0,
S12B_080,1515,673019.0105,3989876.015,191.8077884,6.899732609,1,,0,,0,,17,20,57,,0,,0,,49,,25,,17,,55,,59,,34,,27,
S12B_081,1520,673015.6961,3989877.313,191.9436919,5.861897949,1,,0,,0,,11,80,27,10,0,,0,,14,,16,,16,,26,,21,,12,,13,
S12B_082,1525,673011.6677,3989878.914,192.1506661,5.366799718,1,,0,,0,,20,80,30,20,14,,0,,29,,25,10,21,100,37,,31,,5,,22,20
S12B_083,1530,673008.3809,3989882.228,192.4382413,4.946074543,1,,0,,0,,11,80,18,10,0,,0,,15,,8,,0,,18,,19,,10,,9,
S12B_084,1535,673003.8195,3989889.598,193.2013004,4.397414081,1,,0,,0,,0,,12,,0,,0,,15,,0,,0,,19,,14,,9,,9,
S12B_085,1540,673000.3972,3989892.511,193.1936538,3.738532892,1,,0,,0,,0,,12,20,0,,0,,11,,10,,0,,13,,27,,4,,7,
S12B_086,1545,673001.745,3989895.329,193.3625652,4.085357351,1,,0,,0,,23,70,41,,23,,0,,48,,23,,12,,53,,24,,14,,8,
S12B_087,1550,673002.6229,3989898.328,193.6003225,4.968538051,1,,0,,0,,5,10,17,,16,,0,,17,,13,,7,,24,,25,,14,,12,
S12B_088,1555,673001.5601,3989901.902,193.7784914,5.106832564,1,,0,,0,,0,,0,,0,,0,,7,,0,,0,,14,,14,,0,,0,
S13A_001,1005,673283.0659,3989634.358,172.9866105,3.19845708,2,,29,,24,,49,,132,,37,,40,,56,,46,,42,10,75,,74,,44,,47,
S13A_002,1010,673278.7172,3989634.589,173.2057944,4.468000045,2,,10,,7,,18,,79,,13,,10,,53,,22,,20,,57,,57,,22,,23,
S13A_003,1015,673274.9183,3989632.976,173.6332425,6.016384792,2,,28,20,18,,28,,80,10,32,,30,,34,,31,,31,80,32,,34,,33,,34,
S13A_004,1020,673271.1179,3989632.523,173.8685188,6.120821319,2,,31,,28,,32,,40,,32,,19,,34,,28,,26,10,34,,37,,31,,31,
S13A_005,1025,673267.7056,3989632.615,174.0136629,6.185981199,2,,14,20,17,,17,,51,,18,,14,,47,,19,,44,,45,,47,,41,,42,
S13A_006,1030,673264.9861,3989635.588,173.7164758,4.956358983,2,,18,,14,,23,,84,10,19,,16,,25,,16,,18,,28,,103,,96,50,96,
S13A_007,1035,673262.5509,3989637.421,173.5597896,4.202984001,2,,0,,0,,0,,28,,0,,0,,0,,0,,0,,12,,25,,13,,9,
S13A_008,1040,673259.6663,3989640.215,173.7815624,3.344688407,2,,11,,11,,14,,36,10,12,,6,,12,,11,,9,,17,,28,,31,,30,
S13A_009,1045,673255.9752,3989641.593,173.8901422,2.798496618,2,,29,,25,,27,,43,5,28,,27,,31,,29,,28,100,23,,31,,,,,
S13A_010,1050,673254.007,3989639.363,174.0030534,3.174562709,2,,26,,16,,24,,56,10,25,,23,,40,,38,10,26,100,45,10,29,,39,,26,
S13A_011,1055,673255.1983,3989634.944,174.3122421,5.082384298,2,,26,10,14,,30,,58,,22,,13,,25,,16,,14,10,21,,47,,20,,19,
S13A_012,1060,673252.261,3989632.573,174.5493431,6.175498168,2,,20,20,13,,29,,64,10,29,30,0,,31,,0,,0,,33,,48,,2,,11,
S13A_013,1065,673249.532,3989630.43,174.8202617,6.937623789,2,,24,10,9,,22,,66,5,20,,21,,26,,20,,20,,34,,31,,22,,21,
S13A_014,1070,673248.4341,3989632.101,174.5964733,6.529399332,2,,35,,37,,40,,56,,30,,29,,43,,43,,42,100,50,,46,,45,,45,
S13A_015,1075,673244.9054,3989630.415,174.8100916,7.316367465,2,,26,10,20,,12,,52,,26,,8,,25,,21,,21,20,28,,57,,22,,22,
S13A_016,1080,673240.3635,3989630.993,174.5160303,7.591491375,2,,27,20,18,,36,,51,,31,,20,,40,,29,,30,,43,,48,,30,,31,
S13A_017,1085,673237.0005,3989633.893,174.2290475,5.033888154,2,,5,,8,,23,,30,,20,,9,,21,,19,,13,,23,,28,,14,,15,
S13A_018,1090,673233.1855,3989632.372,174.305091,7.329955207,2,,14,10,17,,15,,28,,,,19,,31,,19,,19,,27,,31,,21,,20,
S13A_019,1095,673229.7525,3989632.845,174.5393882,7.722615876,2,,28,20,22,,26,,32,,19,,25,,34,,33,,32,,33,,32,,24,,27,
S13A_020,1100,673225.6355,3989634.136,174.6706156,7.901332503,2,,36,,19,,17,,33,,25,,28,,30,,31,,32,30,28,,30,,33,,22,
S14A_001,1105,673222.5518,3989636.372,174.498287,7.808828493,2,,28,60,14,20,0,,29,,18,,14,,20,,26,,18,,17,,23,,24,,31,
S14A_002,1110,673218.8251,3989633.958,175.325182,9.943706756,2,,10,20,17,70,16,,28,70,40,,20,50,41,,11,10,31,20,34,30,44,40,35,,34,
S14A_003,1115,673215.0699,3989634.8,175.6458854,10.29141113,2,,0,,9,,7,,37,80,14,50,14,,31,,15,10,32,10,30,,25,30,14,,15,
S14A_004,1120,673210.7752,3989636.055,176.0417944,10.48871592,2,,0,,0,,0,,0,,0,,0,,0,,0,,0,,0,,0,,0,,0,
S15A_001,1105,673222.4835,3989636.326,174.5110344,7.871158218,2,,33,,23,,37,,43,,35,,30,,19,,9,,33,10,34,,37,,13,,14,
S15A_002,1110,673224.0513,3989639.555,174.1397067,5.047808735,2,,24,,0,,25,,33,,24,,12,,23,,22,,23,90,31,,31,,22,,23,
S15A_003,1115,673227.7745,3989637.649,174.0420111,3.823781042,2,,0,,0,,0,,49,,0,,0,,0,,0,,0,,0,,30,,0,,0,
S15A_004,1120,673230.5517,3989640.919,174.1378459,3.025040311,2,,17,,0,,25,,45,,16,,7,,30,,20,,23,,4,,46,,20,,19,
S15A_005,1125,673231.7482,3989644.32,174.3386784,4.008433279,2,,7,,2,,18,,39,,17,10,5,,22,,15,,8,,31,,36,,16,,16,
S15A_006,1130,673228.5844,3989647.83,174.5314632,3.754750697,2,,18,20,0,,29,30,66,10,26,40,16,20,33,,32,,24,,37,,43,,34,,28,
S15A_007,1135,673225.22,3989650.707,174.6932493,3.841341811,2,,20,50,0,,23,30,48,5,19,60,9,,42,,32,,26,,40,,42,,34,,28,
S15A_008,1140,673220.8635,3989651.898,174.7528231,3.583757907,2,,10,20,0,,48,50,96,10,13,,0,,66,,9,,57,40,,,64,,51,10,63,10
S15A_009,1145,673216.2606,3989651.634,174.7395934,3.302346975,2,,0,,0,,0,,95,75,9,,0,,0,,0,,0,,37,,82,,0,,0,
S15A_010,1150,673212.1151,3989649.628,174.9056574,5.206039352,2,,0,,0,,11,,76,,4,,26,70,58,,12,,0,,48,,75,,51,60,48,30
S15A_011,1155,673212.6095,3989654.062,174.9265649,3.541866438,2,,6,20,0,,5,,65,40,8,,0,,25,,0,,0,,26,,25,,0,,0,
S15A_012,1160,673208.7204,3989656.387,174.9772296,4.219510972,2,,4,80,0,,7,,66,30,7,,0,,21,,11,,21,10,35,,21,,9,,8,
S15A_013,1165,673205.7826,3989659.627,175.3948693,4.75899246,2,,1,,0,,19,,30,,11,,6,,36,,19,,15,20,21,,33,,15,,16,
S15A_014,1170,673202.2301,3989661.291,175.6351455,4.815900373,2,,14,80,0,,17,,32,,17,,0,,28,,17,,15,,38,,41,,22,,20,
S15A_015,1175,673200.7644,3989665.753,175.8197766,3.86357038,2,,15,10,0,,23,,31,,21,,0,,26,,20,,16,,25,,32,,24,,20,
S15A_016,1180,673196.5099,3989667.585,175.8966684,2.627375103,2,,6,50,0,,21,,44,,23,,0,,,,23,,24,,28,,30,,26,,25,
S15A_017,1185,673192.3209,3989668.306,176.0841126,3.678129757,2,,17,10,0,,43,,72,,47,,0,,48,,47,,37,100,43,,60,,36,,37,
S15A_018,1190,673188.1231,3989669.911,176.4207594,4.459477992,2,,7,,0,,8,,15,,9,,10,,11,,9,,8,,9,,15,,7,,8,
S15A_019,1195,673183.2676,3989669.636,176.7462142,5.020363789,2,,13,30,0,,16,,22,,17,,4,,17,,15,,17,,17,,21,,16,,16,
S15A_020,1200,673178.8171,3989669.921,176.8870733,5.667999501,2,,15,30,0,,29,,53,,24,,0,,28,,19,,15,,33,,37,,22,,22,
S15A_021,1205,673175.3801,3989668.967,177.1635442,6.393190878,2,,4,,0,,11,,20,,14,,0,,15,,13,,13,,14,,16,,15,,12,
S15A_022,1210,673171.0283,3989667.622,177.522565,6.84794992,2,,23,,0,,24,,37,,6,,0,,26,,22,,24,,28,,29,,24,,24,
S15A_023,1215,673168.7584,3989666.201,177.8491642,6.564422638,2,,0,,0,,15,,18,,25,,0,,18,,16,,11,,13,,19,,11,,12,
S15A_024,1220,673165.0167,3989667.832,177.7419277,5.461712659,2,,30,30,0,,45,,60,,18,,0,,43,,40,,26,50,44,,47,,30,,24,
S15A_025,1225,673160.6014,3989666.418,177.8807322,4.720138761,2,,6,80,0,,10,,35,,33,,0,,22,,19,,16,,30,,29,,25,,16,
S15A_026,1230,673156.0222,3989667.375,178.1350974,4.277402941,2,,0,,0,,31,50,42,20,13,,0,,11,,9,,10,,33,20,16,,19,,9,
S15A_027,1235,673154.9112,3989671.706,178.0823032,3.627496269,2,,6,,0,,14,,20,,12,,5,80,15,,13,,11,,13,,17,,14,,15,
S15A_028,1240,673151.6083,3989674.406,178.1284824,3.036463225,2,,9,10,0,,19,,36,40,17,,0,,13,,13,,15,,3,,19,,25,,23,
S15A_029,1245,673148.0543,3989674.419,178.3075187,2.835808839,2,,0,,0,,12,,59,,18,30,0,,19,,16,,16,,22,,26,,16,,18,
S15A_030,1250,673145.5774,3989676.404,178.5925695,3.428669194,2,,0,,0,,7,,16,,9,,0,,9,,8,,9,,13,,22,,7,,8,
S15A_031,1255,673145.2432,3989679.06,178.8159341,4.452542122,2,,2,,0,,14,,18,,15,,0,,17,,15,,15,,15,,18,,18,,16,
S15A_032,1260,673147.2405,3989682.398,179.124436,5.642681884,2,,1,,0,,5,,36,,6,,0,,20,,4,,4,,25,,28,,22,,22,
S15A_033,1265,673140.35,3989686.409,179.464264,5.875368361,2,,10,,0,,13,,20,,10,,9,,16,,12,,11,,16,,25,,14,,12,
S15A_034,1270,673136.8724,3989689.763,179.7543386,7.08573649,2,road,0,,0,,0,,0,,0,,0,,0,,0,,0,,0,,0,,0,,0,
S15A_035,1275,673132.4639,3989692.104,180.386361,6.752677276,2,,0,,0,,10,20,24,,11,,3,,25,,24,30,17,,36,,35,,18,,16,
S15A_036,1280,673128.2541,3989692.733,180.6561473,5.098223295,2,,0,,0,,26,,67,40,28,,0,,32,,31,,28,,30,,40,,30,,30,
S15A_037,1285,673125.0192,3989692.871,180.3570421,3.441458546,2,,0,,0,,25,,55,,29,,15,,39,,34,,33,100,41,,52,,35,,34,
S15A_038,1290,673123.577,3989696.482,180.7500552,6.402470821,2,,0,,0,,25,,40,,23,,0,,13,,8,,6,,37,,59,,13,,10,
S15A_039,1295,673119.2242,3989696.533,180.8080341,5.768439366,2,,0,,0,,2,,47,10,0,,0,,18,,17,,15,,17,,19,,16,,17,
S15A_040,1300,673116.083,3989693.797,180.6569794,3.646557789,2,,3,,0,,14,,22,,9,,6,,18,,14,,7,,22,,28,,15,,15,
S15A_041,1305,673111.4536,3989693.915,181.0238286,3.512907985,2,,0,,0,,24,,46,10,7,,0,,22,,21,,18,,23,,22,,20,,21,
S15A_042,1310,673107.8086,3989696.75,181.2157122,3.057364482,2,,0,,0,,9,,19,,9,,8,,8,,27,,9,,10,,10,,10,,10,
S15A_043,1315,673105.0411,3989700.079,181.427577,3.005746231,2,,0,,0,,28,,33,,24,,18,,29,,25,,23,,31,,30,,27,,25,
S15A_044,1320,673101.1391,3989698.117,181.3718762,3.017871059,2,weir,0,,0,,68,,68,,68,,0,,68,30,68,40,68,80,68,,68,,68,,68,
S15A_045,1325,673101.0258,3989702.532,181.5516932,4.542215832,2,weir,0,,0,,68,,68,,68,,0,,68,,68,,68,,68,,68,,68,,68,
S15A_046,1330,673097.702,3989705.797,181.8726952,5.506426399,2,,0,,0,,18,,28,,14,,0,,17,,10,,12,,23,,31,,14,,15,
S15A_047,1335,673093.26,3989707.605,182.2428974,5.602900755,2,,0,,0,,0,,53,40,4,,0,,43,20,40,50,47,50,42,10,39,,40,15,47,20
S15A_048,1340,673090.7778,3989704.622,182.0687909,3.573797888,2,,0,,0,,10,,35,10,10,,7,30,20,,17,,19,,21,,25,,20,,17,
S15A_049,1345,673088.6942,3989702.796,182.2361932,3.854704057,2,,0,,0,,8,,29,,9,,0,,33,,8,,27,,34,,31,,32,,32,
S15A_050,1350,673085.7449,3989704.012,182.3540054,2.982474088,2,,13,,0,,16,,20,,15,,13,,18,,14,,16,,16,,19,,15,,15,
S15A_051,1355,673081.6664,3989703.025,182.6072884,3.888642916,2,,0,,0,,22,,40,10,23,,0,,34,,10,,30,,34,,31,,31,30,20,
S15A_052,1360,673077.4084,3989703.339,182.8406494,4.645851938,2,,0,,0,,15,,54,20,12,,0,,13,,12,,11,,15,,19,,12,,14,
S15A_053,1365,673073.6599,3989706.23,182.9231425,4.608951778,2,,7,60,0,,7,,11,,6,,5,,13,,12,,11,,11,,15,,11,,12,
S15A_054,1370,673070.518,3989709.657,183.0802342,4.354391363,2,,12,30,0,,14,,40,,14,,0,,18,,10,,11,,29,,34,,11,,11,
S15A_055,1375,673067.0739,3989707.733,183.2865849,5.169484739,2,,10,10,0,,10,,20,,11,,7,,18,,15,,12,,19,,21,,7,,15,
S15A_056,1380,673063.1684,3989708.96,183.5275336,4.663073098,2,,14,10,0,,17,40,28,,0,,0,,18,,13,,14,,14,,34,,13,,11,
S15A_057,1385,673059.8757,3989712.214,183.724438,3.795131299,2,,10,,0,,12,,44,,12,,4,,19,,14,,13,,30,,22,,17,,17,
S15A_058,1390,673055.807,3989713.76,183.963942,3.884980656,2,,20,10,0,,27,,31,,25,,22,,29,,26,,25,,33,,24,,28,,27,
S15A_059,1395,673052.2094,3989715.102,184.1281261,3.804723823,2,,0,,0,,0,,19,60,0,,0,,0,,0,,0,,20,,27,,0,,0,
S15A_060,1400,673048.2827,3989717.022,184.2035614,3.062303001,2,,6,20,0,,10,,28,,17,,17,,24,,14,,13,,31,,39,,16,,22,
S15A_061,1405,673044.3362,3989718.852,184.5839085,3.950300999,2,,15,,0,,19,,27,,21,,19,,25,,24,,21,,19,,37,,22,,21,
S15A_062,1410,673042.8418,3989714.749,184.5931539,4.446955638,2,,4,,0,,5,,11,,5,,0,,8,,0,,3,,7,,11,,3,,2,
S15A_063,1415,673038.1717,3989714.31,184.9523491,4.885741863,2,,13,,0,,13,,14,,11,,7,20,13,,12,,11,,13,,14,,13,,14,
S15A_064,1420,673033.6507,3989715.988,185.0154468,4.346864827,2,,12,,0,,14,,35,,11,,10,,21,,14,,13,,36,,28,,17,,20,
S15A_065,1425,673029.8905,3989718.962,185.1116027,4.297559135,2,,0,,0,,0,,10,,0,,0,,7,,0,,0,,9,,10,,0,,0,
S15A_066,1430,673026.5025,3989722.126,185.2810077,3.599317729,2,,12,10,0,,7,,10,,12,,10,,12,,6,,10,,12,,13,,13,,13,
S15A_067,1435,673021.6825,3989723.017,185.3199092,2.142422203,2,,15,10,0,,9,,14,,10,,8,,12,,11,,10,,11,,13,,12,,12,
S15A_068,1440,673017.7853,3989721.32,185.4283841,2.919949567,2,,7,,0,,5,,31,,4,,6,,20,,14,,14,,17,,26,,15,,15,
S15A_069,1445,673016.9887,3989725.785,185.5967104,3.667725676,2,,0,,0,,7,,17,,10,,8,,8,,5,,7,,9,,11,,6,,7,
S15A_070,1450,673013.5726,3989726.224,185.6405406,3.796549909,2,,0,,0,,0,,14,75,0,,5,,11,,9,,10,,31,30,14,,6,,7,
S15B_071,1455,673012.2362,3989726.35,185.6466888,3.919544798,2,,0,,0,,4,,16,50,0,,0,,7,,4,,5,,8,,12,,7,,7,
S15B_072,1460,673008.4946,3989728.8,185.6695723,4.004804405,2,,0,,0,,0,,16,50,8,,0,,9,,4,,9,,9,,12,,8,,10,
S15B_073,1465,673000.8972,3989733.92,186.1790013,5.023766337,2,,0,,0,,0,,0,,0,,0,,0,,0,,0,,0,,0,,0,,0,
S15B_074,1470,672996.424,3989734.55,186.2528589,4.023840158,2,,0,,0,,0,,0,,0,,0,,0,,0,,0,,0,,0,,0,,0,
S15B_075,1475,672992.5471,3989734.78,186.3899003,3.501879935,2,,0,,0,,0,,0,,0,,0,,0,,0,,0,,0,,0,,0,,0,
S15C_076,1480,672991.6266,3989735.138,186.4180144,3.399216193,1,,0,,0,,0,,0,,0,,0,,0,,0,,0,,0,,0,,0,,0,
S15C_077,1485,672988.1772,3989737.161,186.8021379,4.321547087,1,,0,,0,,,,,,,,0,,0,,0,,0,,0,,0,,0,,0,
S15C_078,1490,672980.0546,3989740.659,187.2985928,4.692300583,1,,0,,0,,,,,,,,,,0,,0,,0,,0,,0,,0,,0,
S16A_001,660,673466.8289,3989720.31,169.5556722,2.270120429,1,,0,,0,,22,,51,,14,,0,,31,,0,,0,,20,,24,,0,,0,
S16A_002,665,673468.1271,3989715.54,169.6006178,1.980256766,1,,0,,0,,26,80,34,,18,,0,,24,,15,,0,,35,,34,,0,,0,
S16A_003,670,673467.2325,3989710.758,169.6453491,1.603572721,1,,0,,0,,40,70,45,,39,,0,,40,,30,,0,,43,,44,,0,,0,
S16A_004,675,673468.2093,3989707.309,169.5965076,2.07018151,1,,0,,0,,17,70,31,10,16,,0,,21,,0,,0,,29,,32,,0,,0,
S16A_005,680,673466.7114,3989703.07,169.7811866,2.574058473,1,,0,,0,,0,,30,10,0,,0,,13,,0,,0,,25,,26,,0,,0,
S16A_006,685,673469.3751,3989699.348,170.0137311,3.562860075,1,,0,,0,,0,,27,10,0,,0,,9,,0,,0,,16,,18,,0,,0,
S16A_007,690,673472.4575,3989695.483,170.1504425,3.091197392,1,,0,,0,,0,,24,50,0,,0,,0,,0,,0,,0,,0,,0,,0,
S16A_008,695,673473.3924,3989690.667,170.2517585,2.560753013,1,,0,,0,,0,,0,,0,,0,,0,,0,,0,,0,,0,,0,,0,
S16A_009,700,673471.4714,3989686.564,170.3478113,2.579542685,1,,0,,0,,0,,11,90,0,,0,,0,,0,,0,,0,,0,,0,,0,
S16A_010,705,673469.0847,3989682.311,170.6162203,2.312868324,1,,0,,0,,0,,0,,0,,0,,0,,0,,0,,0,,0,,0,,0,
S16A_011,710,673467.5361,3989677.706,170.7574669,1.899024352,1,,0,,0,,0,,30,20,0,,0,,0,,0,,0,,0,,8,,0,,0,
S16A_012,715,673465.6469,3989673.186,170.9438264,1.47631596,1,,0,,0,,0,,17,30,0,,0,,0,,0,,0,,0,,12,,0,,0,
S16A_013,720,673467.7696,3989669.13,170.8376936,1.4016836,1,,0,,0,,0,,0,,0,,0,,0,,0,,0,,0,,0,,0,,0,
S16A_014,725,673471.2241,3989665.908,170.7911015,1.705945495,1,,0,,0,,0,,0,,0,,0,,0,,0,,0,,0,,0,,0,,0,
S16A_015,730,673471.3232,3989660.909,170.9081358,2.014477615,1,,0,,0,,0,,0,,0,,0,,0,,0,,0,,0,,0,,0,,0,
S16A_016,735,673473.0433,3989656.295,170.5914724,2.457998625,1,,0,,0,,0,,1,,0,,0,,0,,0,,0,,0,,0,,0,,0,
S16A_017,740,673473.4826,3989651.359,170.5520495,2.168666147,1,,0,,0,,0,,23,,0,,0,,21,,0,,0,,0,,0,,0,,0,
S16A_018,745,673473.1431,3989646.4,170.6363581,1.671201361,1,,0,,0,,0,,53,20,12,,0,,51,,42,,0,,26,,26,,0,,0,
S16A_019,750,673474.4232,3989641.758,170.6880035,0.908318489,1,,0,,0,,0,,93,10,49,,0,,101,,87,,20,100,55,,53,,45,,47,
S16A_020,755,673475.3011,3989636.896,170.6880035,0.129456347,1,,0,,0,,11,80,89,20,90,,0,,91,,79,,75,100,98,,101,,87,,92,
S16A_021,760,673476.3033,3989632.08,170.6880035,0.046202187,1,,0,,0,,0,,133,40,86,,0,,151,,74,,73,100,93,,98,,82,,87,
S16A_022,765,673477.4606,3989627.319,170.6880035,0,1,,0,,0,,0,,66,10,82,,0,,68,,58,,67,100,164,,176,,73,,78,
S16A_023,770,673479.1509,3989617.949,170.6880035,0.136465577,1,,0,,0,,0,,85,10,57,,0,,75,,67,,44,100,70,,69,,61,,64,
S16A_024,775,673479.1621,3989613.375,170.6880035,0.575968421,1,,0,,0,,0,,25,,71,,0,,23,,14,,59,100,80,,82,,69,,69,
S16A_025,780,673481.4245,3989609.178,170.8413785,0.303099672,1,,0,,0,,0,,43,,17,,0,,41,,32,,10,100,37,,41,,17,,16,
S16A_026,785,673480.7579,3989604.696,170.8035719,0.388697283,1,,0,,0,,21,80,44,10,33,,0,,42,,30,,30,100,48,,49,,35,,35,
S16A_027,790,673481.08,3989599.9,170.706186,0.839320645,1,,0,,0,,16,70,39,10,38,,0,,42,,23,,25,100,60,,62,,24,,30,
S16A_028,795,673480.7949,3989594.981,170.7961857,1.571389335,1,,0,,0,,82,20,22,10,38,,0,,24,,13,,17,,45,,55,,30,,27,
S16A_029,800,673479.621,3989590.206,170.9629883,0.955326876,1,,0,,0,,65,,25,10,22,,0,,22,,0,,0,,31,,32,,15,,5,
S16A_030,805,673479.1992,3989585.246,170.9927979,0.300273483,1,,0,,0,,90,,17,10,16,,0,,20,,14,,0,,31,,31,,19,,20,
S16A_031,810,673479.1238,3989580.299,170.9927979,0.207255158,1,,0,,0,,72,,53,,13,,0,,53,,48,,11,100,18,,15,,13,,13,
S16A_032,815,673480.4275,3989575.751,170.9927979,0.676441368,1,,0,,0,,34,40,0,,53,,0,,12,,0,,46,100,56,,56,,48,,48,
S16A_033,820,673478.8044,3989571.106,170.9927979,1.510494256,1,,0,,0,,75,,34,,21,,0,,30,,16,,0,,32,,31,,16,,23,
S16A_034,825,673479.7466,3989566.366,171.2045918,1.275352854,1,,0,,0,,38,,12,40,28,,0,,26,,14,,14,100,36,,39,,21,,29,
S16A_035,830,673479.4977,3989561.427,171.2976074,0.705535092,1,,0,,0,,27,,38,,11,,0,,59,,36,,10,,37,,42,,28,,32,
S16A_036,835,673480.5654,3989556.617,171.2976074,0.405894791,1,,0,,0,,42,,40,,39,,0,,42,,40,,34,100,62,,64,,39,,40,
S16A_037,840,673482.7988,3989552.319,171.2976074,0.53200401,1,,0,,0,,19,,30,,41,,0,,23,,0,,33,,42,,41,,43,,39,
S16A_038,845,673482.7243,3989547.334,171.3070508,0.945308258,1,,0,,0,,34,,23,,20,,0,,22,,19,,100,,38,,37,,30,,26,
S16A_039,850,673483.8577,3989542.629,171.3241678,0.84079866,1,,0,,0,,42,,23,,22,,0,,21,,14,,0,,30,,25,,28,,22,
S16A_040,855,673483.219,3989537.697,171.3107828,0.625476654,1,,0,,0,,44,,16,,19,,0,,16,,12,,15,100,26,,26,,24,,19,
S16A_041,860,673484.0477,3989533.037,171.3928055,0.772504396,1,,0,,0,,22,,26,,14,,0,,23,,21,,14,100,21,,20,,19,,17,
S16A_042,865,673483.1737,3989528.712,171.5646766,0.711512991,1,,0,,0,,28,80,15,,24,,0,,9,,12,,12,100,31,,35,,31,,29,
S16A_043,870,673485.7082,3989524.732,171.6024017,0.769696236,1,,0,,0,,11,80,8,10,12,,0,,11,,0,,11,100,18,,13,,17,,15,
S16A_044,875,673485.8715,3989519.74,171.6524731,0.877606122,1,,0,,0,,68,,7,,10,,0,,12,,0,,0,,18,,14,,16,,15,
S16A_045,880,673485.0647,3989514.858,171.6926358,0.757720499,1,,0,,0,,30,,16,,0,,0,,30,,20,,0,,17,,15,,18,,20,
S16A_046,885,673484.331,3989509.988,171.6063038,0.864633417,1,,0,,0,,0,,0,,11,,0,,10,,0,,0,,32,,29,,36,,31,
S16A_047,890,673484.2563,3989505.007,171.6518547,1.213959623,1,,0,,0,,17,,0,,0,,0,,0,,0,,22,100,28,,18,,26,,26,
S16A_048,895,673484.3546,3989500.046,171.8071699,1.337119885,1,,0,,0,,12,,0,,0,,0,,0,,0,,0,,11,,10,,12,,13,
S16A_049,900,673486.8599,3989496.096,171.9505457,1.687363144,1,,0,,0,,8,,0,,0,,0,,0,,0,,0,,10,,12,,0,,11,
S16A_050,905,673488.1872,3989491.48,172.1633523,1.569396549,1,,0,,0,,22,,0,,0,,0,,0,,0,,0,,12,,13,,0,,0,
S17A_001,1035,673289.8495,3989578.806,175.083238,2.233694598,1,,0,,0,,31,,21,30,7,,0,,27,20,7,,6,,28,,25,,6,,8,
S17A_002,1040,673286.241,3989575.571,175.2600098,2.377622092,1,,0,,0,,12,,30,,35,,0,,35,,0,,0,,36,,35,,11,,7,
S17A_003,1045,673281.6589,3989575.05,175.2681512,3.207476611,1,,0,,0,,18,80,9,10,0,,0,,0,,0,,0,,13,,12,,0,,0,
S17A_004,1050,673279.1175,3989571.596,175.505193,3.487489077,1,,0,,0,,0,,0,,0,,0,,4,,0,,0,,19,,22,,3,,3,
S17A_005,1055,673274.4092,3989572.218,175.8058044,3.219124654,1,,0,,0,,0,,0,,0,,0,,29,,0,,0,,30,,29,,16,,26,
S17A_006,1060,673271.8867,3989568.58,175.9707091,2.738032463,1,,0,,0,,0,,0,,0,,0,,15,,0,,0,,19,,21,,0,,0,
S17A_007,1065,673268.6738,3989565.544,176.1303349,2.383647183,1,,0,,0,,0,,0,,0,,0,,13,,0,,0,,19,,31,,0,,0,
S17A_008,1070,673265.4804,3989562.046,176.2974225,2.395526577,1,,0,,0,,0,,0,,0,,0,,0,,0,,0,,0,,8,,0,,0,
S17A_009,1075,673261.5815,3989559.715,176.4344894,2.222969395,1,,0,,0,,0,,0,,0,,0,,0,,0,,0,,0,,9,,0,,0,
S17A_010,1080,673257.9276,3989556.757,176.5618271,2.428684585,1,,0,,0,,0,,0,,0,,0,,0,,0,,0,,0,,17,,0,,0,
S17A_011,1085,673253.9074,3989554.812,176.6591151,3.006911141,1,,0,,0,,0,,0,,0,,0,,0,,0,,0,,0,,13,,0,,0,
S17A_012,1090,673249.5234,3989554.845,176.694462,2.934611558,1,,0,,0,,0,,0,,0,,0,,0,,0,,0,,0,,6,,0,,0,
S18A_001,440,673507.0982,3989829.581,167.6583002,2.114790728,1,,0,,0,,0,,11,,0,,0,,0,,0,,0,,0,,10,,0,,6,
S18A_002,445,673505.3271,3989833.951,167.7814952,2.101636427,1,,0,,0,,0,,31,,0,,0,,0,,0,,0,,0,,24,,0,,0,
S18A_003,450,673502.6499,3989837.281,167.9269843,3.076755418,1,,0,,0,,0,,22,,0,,0,,0,,0,,0,,0,,22,,0,,0,
S18A_004,455,673496.3367,3989843.92,168.6901666,4.722583464,1,,0,,0,,0,,0,,0,,0,,0,,0,,0,,0,,0,,0,,0,
S18A_005,460,673493.1227,3989847.15,168.9974351,4.403601023,1,,0,,0,,0,,0,,0,,0,,0,,0,,0,,0,,0,,0,,0,
S19A_001,685,673456.2331,3989707.806,169.8312193,1.243258654,1,,0,,0,,0,,33,,4,,0,,8,,0,,0,,19,,30,,7,,8,
S19A_002,690,673453.3394,3989711.786,169.7736053,1.515570606,1,,0,,0,,0,,14,,0,,0,,0,,0,,0,,8,,14,,0,,0,
S19A_003,695,673450.944,3989716.142,169.850175,2.088477786,1,,0,,0,,0,,44,90,0,,0,,0,,0,,0,,0,,12,,0,,0,
S19A_004,700,673446.4675,3989717.718,170.1146042,2.657328296,1,,0,,0,,0,,31,,0,,0,,0,,0,,0,,0,,16,,0,,0,
S19A_005,705,673442.3907,3989720.256,170.3357374,2.552678397,1,,0,,0,,0,,96,70,0,,0,,7,,0,,0,,20,10,33,,0,,5,
S19A_006,710,673438.8161,3989723.105,170.4617247,2.637222551,1,,0,,0,,0,,95,20,5,,2,,7,,5,,5,,41,75,24,,5,,6,
S19A_007,715,673430.4754,3989727.666,170.9211808,2.834350077,1,,0,,0,,0,,21,,0,,0,,0,,0,,0,,0,,13,,0,,0,
S19A_008,720,673427.3985,3989731.56,171.1158879,3.023437538,1,,0,,0,,0,,90,45,7,,0,,21,,19,,18,100,32,,84,,21,,18,
S19A_009,725,673422.9315,3989733.721,171.2239211,2.817981252,1,,0,,0,,0,,79,,16,,13,,19,,16,,17,40,21,,23,,17,,17,
S19A_010,730,673418.6891,3989735.962,171.3359974,2.535310862,1,,0,,0,,0,,52,20,23,,9,,32,,28,,28,90,45,,49,,31,,32,
S19A_011,735,673414.2219,3989737.987,171.4826737,2.26779012,1,,0,,0,,0,,109,,13,,8,,13,,12,,11,80,140,50,29,,12,,10,
S19A_012,740,673409.2409,3989738.016,171.6175082,1.916015809,1,,0,,0,,0,,19,,0,,0,,123,40,0,,0,,14,,32,,0,,0,
S19A_013,745,673404.8887,3989739.803,171.6623417,1.744946782,1,,0,,0,,0,,66,,17,,4,,12,,6,,6,,,,20,,6,,6,
S19A_014,750,673402.4523,3989743.778,171.7639349,2.103029446,1,,0,,0,,0,,31,,5,,0,,10,,4,,5,100,24,,29,,4,,3,
S19A_015,755,673400.1301,3989748.151,171.9454168,2.518470618,1,,0,,0,,0,,32,,18,,0,,19,,16,,12,,18,,21,,16,,16,
S19A_016,760,673395.8544,3989750.671,172.1119631,2.784321755,1,,0,,0,,0,,32,,0,,0,,0,,0,,0,,0,,22,,0,,0,
S19A_017,765,673393.7774,3989755.041,172.289953,3.025300332,1,,0,,0,,0,,128,,0,,0,,0,,0,,0,,13,,18,,0,,0,
S19A_018,770,673387.6997,3989762.719,172.7663308,2.315556394,1,,0,,0,,0,,37,,0,,0,,0,,0,,0,,0,,19,,0,,0,
S19A_019,775,673386.1037,3989767.349,172.8216095,1.780984192,1,,0,,0,,0,,68,,0,,0,,0,,0,,0,,0,,21,,0,,0,
S19A_020,780,673383.517,3989771.428,172.9167221,1.912135121,1,,0,,0,,0,,78,10,0,,0,,17,,0,,0,,27,,33,,0,,0,
S19A_021,785,673378.8734,3989772.859,173.1488973,2.532778816,1,,0,,0,,0,,36,,0,,0,,29,,0,,0,,30,,33,,11,,6,
S19A_022,790,673375.9143,3989776.642,173.2968493,2.511761539,1,,0,,0,,0,,37,,0,,0,,13,,0,,0,,15,,20,,0,,10,
S19A_023,795,673372.2236,3989779.951,173.4642206,2.338582138,1,,0,,0,,0,,45,,26,,0,,0,,0,,0,,0,,16,,0,,0,
S19A_024,800,673368.0244,3989782.388,173.4983943,2.213675952,1,,0,,0,,0,,48,,19,,21,,32,,29,,0,,32,,32,,31,,30,
S19A_025,805,673366.0054,3989786.34,173.6063909,2.252613806,1,,0,,0,,0,,29,,10,,0,,26,,21,,21,100,26,,32,,24,,24,
S19A_026,810,673363.3922,3989790.38,173.9291718,2.330141258,1,road,0,,0,,0,,0,,0,,0,,32,,0,,0,,7,,14,,27,,30,
S19A_027,815,673358.6277,3989791.622,174.040802,2.275456362,1,,0,,0,,0,,36,20,0,,0,,0,,0,,0,,0,,0,,0,,0,
S19A_028,820,673354.2239,3989793.618,174.0765678,2.689819058,1,,0,,0,,0,,78,,0,,0,,0,,0,,0,,0,,15,,0,,0,
S19A_029,825,673352.2308,3989797.929,174.3142984,3.713483494,1,,0,,0,,0,,0,,0,,0,,0,,0,,0,,0,,35,,0,,0,
S19A_030,830,673348.136,3989800.043,174.5882101,4.005525147,1,,0,,0,,0,,0,,0,,0,,13,,12,,15,100,11,,17,,13,,13,
S19A_031,835,673343.137,3989799.944,174.9283378,3.003893215,1,,0,,0,,0,,83,,52,,0,,66,,67,,62,90,62,,75,,64,,71,
S19A_032,840,673338.4362,3989800.587,175.0140262,2.05061474,1,,0,,0,,0,,134,90,9,,0,,30,,13,,17,,26,10,42,,27,20,31,20
S19A_033,845,673334.3802,3989803.419,175.127203,2.41412388,1,,0,,0,,0,,136,90,103,95,0,,23,,0,,0,,97,90,147,50,134,90,107,90
S20A_001,590,673377.8811,3989984.125,174.3071899,5.42673001,1,,0,,0,,0,,0,,0,,0,,11,,8,,0,,9,,17,,12,,7,
S20A_002,595,673380.6748,3989987.967,174.9423221,7.3398539,1,,0,,0,,0,,0,,0,,0,,0,,0,,0,,3,,1,,0,,0,
S20A_003,600,673380.4023,3989992.743,175.5195376,7.688295839,1,,0,,0,,0,,0,,0,,0,,0,,0,,0,,6,,3,,0,,0,
S20A_004,605,673381.7354,3989997.254,176.1039408,7.302448825,1,,0,,0,,0,,0,,0,,0,,9,,0,,0,,19,,3,,0,,0,
S20A_005,610,673381.2924,3990002.023,176.5365426,6.632247578,1,,0,,0,,0,,0,,0,,0,,13,,0,,0,,30,,20,60,0,,0,
S20A_006,615,673379.6841,3990006.442,176.8086953,5.861973468,1,,0,,0,,0,,0,,0,,0,,5,,0,,0,,31,,0,,0,,0,
S21A_001,1245,673185.3583,3989753.195,179.0445258,5.869347559,1,,0,,0,,0,,0,,0,,0,,0,,0,,0,,23,60,27,,0,,0,
S21A_002,1250,673188.5824,3989756.367,178.9218893,5.878699907,1,,0,,0,,0,,0,,0,,0,,0,,0,,0,,18,,10,60,0,,0,
S21A_003,1255,673191.8098,3989759.387,179.1205087,6.762681348,1,,0,,0,,0,,0,,0,,0,,0,,0,,0,,0,,47,70,0,,0,
S21A_004,1260,673194.312,3989763.185,179.5020817,5.735461296,1,,0,,0,,0,,0,,0,,0,,0,,0,,0,,10,,47,20,0,,0,
S21A_005,1265,673198.0836,3989765.051,179.7469012,5.19704144,1,,0,,0,,0,,0,,0,,0,,0,,0,,0,,9,,1,,0,,0,
S21A_006,1270,673200.5645,3989768.722,179.9844003,4.357650236,1,,0,,0,,0,,0,,0,,0,,0,,0,,0,,8,,14,,0,,0,
S21A_007,1275,673204.122,3989771.287,180.1917834,3.468111169,1,,0,,0,,0,,0,,0,,0,,0,,0,,0,,6,,22,,0,,0,
S21A_008,1280,673206.1764,3989774.96,180.44733,3.882802207,1,,0,,0,,0,,0,,0,,0,,0,,0,,0,,10,,19,,0,,0,
S21A_009,1285,673210.446,3989776.281,180.5086006,3.16422621,1,,0,,0,,0,,0,,0,,0,,0,,0,,0,,24,,21,,0,,0,
S21A_010,1290,673214.6749,3989777.409,180.7209338,2.245576746,1,,0,,0,,0,,0,,0,,0,,0,,0,,0,,10,,17,,0,,0,
S21A_011,1295,673221.1088,3989782.893,180.692926,3.817975391,1,,0,,0,,0,,0,,0,,0,,0,,0,,0,,0,,6,,0,,0,
S21A_012,1300,673224.5548,3989785.173,180.8304253,4.118211664,1,,0,,0,,0,,0,,0,,0,,0,,0,,0,,12,,0,,0,,0,
S22A_001,180,673633.9732,3989957.379,165.7057342,2.67493945,1,,0,,0,,0,,0,,0,,0,,0,,0,,0,,0,,8,,0,,0,
S22A_002,185,673635.5233,3989952.862,165.9984513,4.427589405,1,,0,,0,,0,,0,,0,,0,,0,,0,,0,,0,,18,20,0,,0,
S22A_003,190,673633.9181,3989948.707,166.2653997,5.054612257,1,,0,,0,,0,,0,,0,,0,,0,,0,,0,,0,,20,,0,,0,
S22A_004,195,673634.3659,3989940.099,166.7941001,4.984735978,1,,0,,0,,0,,0,,0,,0,,0,,0,,0,,0,,18,,0,,0,
S22A_005,200,673638.5866,3989937.861,167.2785686,4.447093229,1,,0,,0,,0,,0,,0,,0,,0,,0,,0,,0,,16,,13,,11,
S22A_006,205,673641.2901,3989933.742,167.623829,3.778324708,1,,0,,0,,0,,0,,0,,0,,0,,0,,0,,0,,72,,0,,0,
S22A_007,210,673641.3794,3989928.838,167.6336076,3.489364894,1,,0,,0,,0,,0,,0,,0,,0,,0,,0,,0,,70,,0,,0,
S23A_001,1480,672991.6097,3989735.177,186.4169093,3.3937407,1,,0,,0,,0,,0,,0,,0,,0,,0,,0,,0,,15,,0,,0,
S23A_002,1485,672988.1516,3989733.978,186.6908593,3.448795408,1,,0,,0,,0,,0,,0,,0,,0,,0,,0,,0,,6,,4,,4,
S23A_003,1490,672983.5948,3989733.375,187.1036145,3.771889441,1,,0,,0,,0,,0,,0,,0,,0,,0,,0,,0,,22,,0,,0,
S23A_004,1495,672978.903,3989733.694,187.4076173,4.191958112,1,,0,,0,,0,,0,,0,,0,,0,,0,,0,,0,,22,,0,,0,
S23A_005,1500,672975.7827,3989736.908,187.5723738,4.451679864,1,,0,,0,,0,,0,,0,,0,,0,,0,,0,,0,,30,,4,,4,
S23A_006,1505,672971.9403,3989739.368,187.9566155,4.977267725,1,,0,,0,,0,,0,,0,,0,,0,,0,,0,,0,,0,,13,,13,
S23A_007,1510,672967.2392,3989738.971,188.3572588,4.507509503,1,,0,,0,,0,,0,,0,,0,,0,,0,,0,,0,,0,,0,,0,
S23A_008,1515,672962.6916,3989740.335,188.7285601,4.105516997,1,,0,,0,,0,,0,,0,,0,,0,,0,,0,,0,,0,,0,,0,
S23A_009,1520,672958.6843,3989742.494,189.0363094,3.760019282,1,,0,,0,,0,,0,,0,,0,,0,,0,,0,,0,,4,,0,,0,
S23A_010,1525,672957.2589,3989746.536,189.3002267,4.0759422,1,,0,,0,,0,,0,,0,,0,,0,,0,,0,,0,,5,,0,,0,
S23A_011,1530,672955.3398,3989750.426,189.6007374,4.136045022,1,,0,,0,,0,,0,,0,,0,,0,,0,,0,,0,,8,,0,,0,
S24A_001,1450,673012.2374,3989726.289,185.6418815,3.888692178,1,,0,,0,,0,,0,,0,,0,,0,,0,,0,,0,,18,,0,,0,
S24A_002,1455,673008.2674,3989723.454,185.5890918,4.143483737,1,,0,,0,,0,,0,,0,,0,,0,,0,,0,,0,,62,,129,75,129,75
S24A_003,1460,673003.8543,3989723.108,185.981277,4.818153726,1,,0,,0,,0,,0,,0,,0,,0,,0,,0,,0,,15,,0,,14.5,5
S24A_004,1465,673000.1709,3989720.243,186.5415705,4.82543786,1,,0,,0,,0,,0,,0,,0,,0,,0,,0,,0,,19,,8,,10,
S24A_005,1470,672996.6549,3989717.071,186.8322979,4.228581722,1,,0,,0,,0,,0,,0,,0,,0,,0,,0,,0,,43,,0,,0,
S24A_006,1475,672993.0156,3989714.342,187.1489946,4.476887732,1,,0,,0,,0,,0,,0,,0,,0,,0,,0,,0,,10,,0,,0,
S24A_007,1480,672989.8265,3989711.149,187.4177976,5.386824425,1,,0,,0,,0,,0,,0,,0,,0,,0,,0,,0,,15,,0,,0,
S24A_008,1485,672986.0681,3989710.365,187.8076008,6.222792152,1,,0,,0,,0,,0,,0,,0,,0,,0,,0,,0,,4,,0,,0,
S24A_009,1490,672982.8149,3989706.976,188.4717737,7.516714308,1,,0,,0,,0,,0,,0,,0,,0,,0,,0,,0,,20,,0,,0,
S24A_010,1495,672979.3055,3989703.626,189.157705,7.511749326,1,,0,,0,,0,,0,,0,,0,,0,,0,,0,,0,,4,,0,,0,
S24A_011,1500,672974.5586,3989704.042,189.5773934,6.799104451,1,,0,,0,,0,,0,,0,,0,,0,,0,,0,,0,,6,,0,,0,
S24A_012,1505,672970.2515,3989702.495,190.033299,5.433633511,1,,0,,0,,0,,0,,0,,0,,0,,0,,0,,0,,0,,0,,0,
S24A_013,1510,672965.8354,3989704.404,190.1586526,5.190070728,1,,0,,0,,0,,0,,0,,0,,0,,0,,0,,0,,0,,0,,0,
S24A_014,1515,672961.2913,3989705.025,190.3482187,5.098837095,1,,0,,0,,0,,0,,0,,0,,0,,0,,0,,0,,8,,0,,0,
S24A_015,1520,672957.588,3989701.798,190.7279096,4.688500963,1,,0,,0,,0,,0,,0,,0,,0,,0,,0,,0,,0,,0,,0,